Internet users (per 100 people),1990,1991,1992,1993,1994,1995,1996,1997,1998,1999,2000,2001,2002,2003,2004,2005,2006,2007,2008,2009,2010,2011
Abkhazia,,,,,,,,,,,,,,,,,,,,,,
Afghanistan,0,,,,,,,,,,,0.0041883457,0.0040921137,0.0798750778,0.0971635164,1.130397829,1.947423469,1.7512021615,1.688485448,3.2463055735,3.6541143964,4.5806699208
Akrotiri and Dhekelia,,,,,,,,,,,,,,,,,,,,,,
Albania,0,,,,,0.0111686955,0.0321968282,0.0485939188,0.06502737,0.0814370446,0.1140973466,0.3257983771,0.3900812734,0.9719004152,2.4203877978,6.043890864,9.6099913158,15.0361154084,23.86,41.2,45,49
Algeria,0,,,,0.0003606736,0.001768954,0.0017385332,0.0102684632,0.0202385545,0.199523843,0.4917056791,0.6461140167,1.5916412604,2.1953597309,4.6344750878,5.843942092,7.3759849563,9.4511906256,10.18,11.23,12.5,14
American Samoa,0,,,,,,,,,,,,,,,,,,,,,
Andorra,0,,,,,,1.5266010228,3.0501753851,6.8862092183,7.6356861428,10.5388356092,,11.260468717,13.5464128764,26.8379543895,37.6057662175,48.9368469989,70.87,70.04,78.53,81,81
Angola,0,,,,,,0.0007759285,0.005673746,0.0184537241,0.071964087,0.1050455625,0.1360138674,0.2703767456,0.3706820652,0.464814618,1.1433668266,1.9076475072,3.2,4.6,6,10,14.776
Anguilla,,,,,,,,,,,,,,,,,,,,,,
Antigua and Barbuda,0,,,,,2.2007688019,2.8584495769,3.480536838,4.0717165,5.3006811375,6.482225737,8.8992855145,12.5,17.2286487817,24.2665437162,34.7164029018,62.6388691911,70.06,75.03,74.2,80,82
Argentina,0,,0.0029928741,0.0295270653,0.0437059511,0.086277081,0.1419547044,0.2803398818,0.8307666797,3.2844819559,7.0386830862,9.7808072853,10.8821243775,11.913696551,16.0366841055,17.7205833696,20.9272021036,25.9466329404,28.11262348,34,40,47.704
Armenia,0,,,,0.0091170141,0.0527431233,0.0945729025,0.1116509345,0.1286594776,0.9707377575,1.3004700224,1.6310946668,1.9604050458,4.5752172248,4.8990085713,5.252983352,5.6317877773,6.0212533971,6.21,15.3,,
Aruba,0,,,,,,2.7683826627,,,4.5061790981,15.442822948,17.1,18.8,20.8,23,25.4,28,30.9,34.2,37.7,42,57.06835805
Australia,0.5861593966,1.0995293872,1.7722497687,1.9813632756,2.2404543511,2.7667423909,3.2767947521,16.3765657726,30.8525616849,40.8309634523,46.7838255615,52.6056388785,,,,63.0269362779,66.1479410955,69.6065092704,71.7210626039,74.0829081575,75.8929310577,78.9480751174
Austria,0.1302447951,0.2579017552,0.6376973507,0.7589525089,1.3860681003,1.8872012277,6.910418483,9.5381765195,15.4199201702,23.0223174762,33.7012763797,39.1668716337,36.5649850698,42.7673616434,54.3702478498,58.0307840622,63.6351280458,69.445171556,72.9126542829,73.4883174253,75.204700996,79.74719494
Azerbaijan,0,,,,0.0014451199,0.0020768998,0.0064219613,0.0254303636,0.0377818823,0.099932031,0.1488980403,0.3085883382,5.0659743614,,,8.2179825166,12.2991269262,14.9461636908,17.4312125431,27.7655306333,46.677989939,50.7527432373
Bahamas,0,,,,,0.960030721,1.7469506976,1.3629539028,2.3355907104,3.7645578218,8,11.8,18,20,22,25,26,27,31.54,33.88,43,65
Bahrain,0,,,,,0.3462058436,0.8432542192,1.6462992017,3.2182021514,4.7203581178,6.1537325465,15.0386342514,18.0507208881,21.5549449918,21.4586805077,21.3037335137,28.2439524318,32.91,51.95,53,55,77
Bangladesh,0,,,,,,,0.0007510458,0.0036848126,0.0361704075,0.0710394231,0.1298079739,0.1399202885,0.1638776655,0.1990363337,0.2416373256,1,1.8,2.5,3.1,3.7,5
Barbados,0,,,,,0.0077522385,0.3894642141,0.7834289117,1.9702492365,2.3762470346,3.9736783546,11.9364503384,27.8363224241,39.689627116,49.8,56.0708546067,63,64.7,66.5,68.7,70.2,71.7657
Belarus,0,,,,0.000489093,0.0029442459,0.029541545,0.0494442916,0.0745174895,0.4984575082,1.8702179787,4.3176756933,8.9855874489,,,,16.2737767891,19.7532561946,23.1884888565,27.8022424403,32.1532547734,39.9613494775
Belgium,0.0010048852,0.0200161437,0.0996357998,0.1984098937,0.691998962,0.9860928648,2.9513303223,4.9051710245,7.8291484901,13.6671049583,29.2147391048,31.0593391815,45.9768569897,49.6183218507,53.528481871,55.4768960808,59.3068897279,63.9127366216,65.3356476249,69.1211173851,73.7353894189,76.2006148256
Belize,0,,,,,0.0461962961,0.9003163393,1.3022860944,2.0911393044,4.0997319725,5.9808339045,,5.629959327,,5.634835698,8.8677277298,9.9063847829,10.2193471589,10.5072041912,10.7512561224,12.6567391935,
Benin,0,,,,,,0.0016931002,0.0246487957,0.0478773039,0.1549067407,0.2252478515,0.36341789,0.7029455951,0.9513271149,1.1825409652,1.2710314395,1.5378543462,1.79,1.85,2.24,3.13,3.5
Bermuda,0,,,,,6.8054688419,16.1765106086,24.2244269081,32.246155057,40.3051841146,43.4575121449,47.9749148785,52.5187721989,57.1096616754,61.5737970962,65.9924580048,70.4781350665,74.9337815022,82.8858426791,83.7696661491,85.132892414,88.8507244513
Bhutan,0,,,,,,,,,0.1375715143,0.4009444469,0.8646285642,1.6758025838,2.4369123995,3.1569841961,3.8471067449,4.5183172582,5.92,6.55,7.17,13.6,21
Bolivia,0,,,,,0.0668075683,0.1960811739,0.4478390359,0.6264840624,0.9818151873,1.4427635848,2.1204625341,3.117192947,3.5085964007,4.4399246012,5.2275839566,6.2006712547,10.4992443169,12.5,16.8,22.4,30
Bosnia and Herzegovina,0,,,,,,0.0151255634,0.0594255628,0.1436710599,0.1943741998,1.0829607497,1.2005269513,2.6482679136,3.9650368339,15.4689716228,21.3267010008,25.1223856852,27.92,34.66,37.74,52,60
Botswana,0,0,,,,0.064521041,0.1574542296,0.3077468499,0.6024009291,1.1223914736,2.9026666218,3.430886787,3.3859223506,3.3451901741,3.3048892532,3.2625540361,4.2899329752,5.28,6.25,6.15,6,7
Brazil,0,0.0032881707,0.0129462624,0.0254982532,0.0376727094,0.1051381678,0.4507891789,0.786079155,1.4778749586,2.0387321835,2.8706851585,4.528494869,9.1494250856,13.2075861035,19.0736722744,21.0227472488,28.1783801798,30.88,33.83,39.22,40.65,45
British Virgin Islands,,,,,,,,,,,,,,,,,,,,,,
Brunei,0,,,,,1.0170801663,3.3033499272,4.8310579051,6.284742844,7.6710412058,8.9962845345,12.9177690823,15.3298798557,19.5950032207,29.7156041448,36.4663919476,42.1863491609,44.68,46,49,53,56
Bulgaria,0,,,0.0023606269,0.0195414232,0.1189616975,0.7174621209,1.2030745916,1.8166984591,2.8572977833,5.2631036286,7.5434658243,9.1079238398,12.0654848786,18.1486841617,19.9679745927,27.0565730184,33.5544437296,39.5031011433,44.7481170727,45.984825955,50.7962660514
Burkina Faso,0,,,,,,0.0009605186,0.0186863531,0.0454234841,0.0617802927,0.0770801689,0.1577324647,0.2009925979,0.3734403032,0.4002952855,0.4699144887,0.6327075645,0.75,0.92,1.13,2.4,3
Burundi,0,0,0,0,0,0,0.0008035921,0.0079794386,0.0158427763,0.0392044692,0.0772484474,0.1060012454,0.1182284123,0.2012731967,0.3490604619,0.5421428658,0.6575925904,0.7,0.81,0.9,1,1.11
Cambodia,0,,,,,,,0.0058449106,0.0163249861,0.0319695777,0.0470226401,0.0769560556,0.2269832377,0.2605701976,0.3004366444,0.3173217811,0.4683567201,0.49,0.51,0.53,1.26,3.1
Cameroon,0,,,,,,,0.0067687443,0.0132163405,0.1290675809,0.2521200777,0.2770513218,0.3608715843,0.5876226111,0.9760754155,1.4026542258,2.0287447915,2.93,3.4,3.84,4.3,5
Canada,0.3598287215,0.5679571837,0.9116954166,1.1792622898,2.3702881269,4.1561627035,6.7398080377,15.0035186617,24.7871625997,36.0495484853,51.1293845731,59.9779166396,61.4356473674,64.0633186135,65.8500154498,71.5966011259,72.515356123,73.3058129806,76.7203863622,80.1708665096,80.0421359161,82.6793444635
Cape Verde,0,,,,,,,0.2409679199,0.4727350084,1.1599824611,1.8224438516,2.6853327127,3.518757175,4.3248853905,5.3188320696,6.0740871066,6.8089110075,8.2832198195,20,25,30,32
Cayman Islands,0,,,0,0,3.9489671932,,,,,,,,,,38.0343830823,44.5,52,61,64.5,66,69.46594499
Central African Republic,0,,,,,,0.0058495028,0.0142708807,0.0278782013,0.0408942872,0.0533941742,0.0785434278,0.1285371165,0.1515633379,0.2234013955,0.2681956092,0.3111591732,0.375815961,1,1.8,2,2.2
Chad,0,,,,,,,0.0006581683,0.0042685045,0.0123217277,0.0357070763,0.0459341344,0.1660696647,0.3203085554,0.360920107,0.3992577001,0.5810457642,0.8472245207,1.19,1.5,1.7,1.9
Channel Islands,,,,,,,,,,,,,,,,,,,,,,
Chile,0,,0.0365489382,0.0717831443,0.1410845067,0.3469807814,0.6834756102,1.057092496,1.6623220218,4.1034192972,16.6,19.1,22.1,25.4737788865,28.1779101232,31.1753470304,34.4977511736,35.9,37.3,38.8,45,53.8938
China,0,,,0.0001701471,0.0011776093,0.0049922613,0.0131739252,0.0325996172,0.1695018079,0.7119992809,1.7850157203,2.6522141633,4.6155666067,6.2240447491,7.3252169652,8.5485804941,10.5517388933,16.0436691821,22.6617699268,28.9765993916,34.3899954879,38.3978870416
Christmas Island,,,,,,,,,,,,,,,,,,,,,,
Cocos Island,,,,,,,,,,,,,,,,,,,,,,
Colombia,0,,,,0.1071739453,0.1880467904,0.3300177727,0.5505210232,1.1262252446,1.6977307936,2.2075329926,2.8541999713,4.6,7.3889237105,9.118690303,11.0072638905,15.3416745366,21.8,25.6,30,36.5,40.4
Comoros,0,,,,,,,0,0.0378709698,0.1481629644,0.2717406073,0.4430683725,0.554869675,0.8481893702,1.3273271779,2,2.2,2.5,3,3.5,5.1,5.5
"Congo, Dem. Rep.",0,,,,,,0.0001082067,0.0002112132,0.0004130652,0.0010090761,0.0059021137,0.0114757819,0.0927907025,0.1349148374,0.1962083752,0.2380377987,0.2960536103,0.37,0.44,0.56,0.72,1.2
"Congo, Rep.",0,,,,,,0.0035268604,0.0034691036,0.0034151431,0.0167910492,0.0263547321,0.0322236164,0.1572495172,0.4600141868,1.0775049296,1.4634200595,2.0079900794,2.7597043737,4.2875099028,4.5,5,5.6
Cook Is,,,,,,,,,,,,,,,,,,,,,,
Costa Rica,0,,0.0011133254,0.0815097538,0.2799124787,0.4168292061,0.8410570405,1.6402212877,2.6663786978,3.9043232571,5.8002530233,9.559482135,19.8948511346,20.3336148144,20.7923067056,22.07,25.1,28.4,32.29,34.33,36.5,42.12
Cote d'Ivoire,0,,,,,0.0002002556,0.0084097798,0.0188283613,0.0609744386,0.1186859167,0.2314616706,0.3957477022,0.4979293608,0.7586696295,0.8492824147,1.0392382051,1.5249007912,1.8,1.9,2,2.1,2.2
Croatia,0,,,0.0969822558,0.2688159925,0.5140286999,0.890081964,1.7498070021,3.332664752,4.3918567033,6.7642877501,11.6669217883,17.864052,22.8349896959,30.9832676323,33.1398955516,37.9268878784,41.346535798,50.4218272891,56.0395839422,60.1197070167,70.5264460177
Cuba,0,,,,,0.000091658,0.0319490014,0.0682202138,0.2266991989,0.3146905412,0.5411825488,1.0797517219,3.7705850377,5.2412690537,8.407984759,9.7380622078,11.1596013148,11.69,12.94,14.33,15.9,23.23
Cyprus,0,,0.0500604301,0.0563674822,0.1110346206,0.4101206848,0.6733435412,4.378272095,8.8905391589,11.3423986595,15.255394371,18.8187590408,28.32,30.09,33.83,32.81,35.83,40.77,42.31,49.81,52.99,57.68
Czech Republic,0,,,0.5807605995,1.2578742447,1.4524616517,1.9393953296,2.913393387,3.8899772664,6.817171538,9.7525049645,14.6816802374,23.9408970418,34.2729998309,35.450131196,35.2176592123,47.8817485759,51.8263074357,62.6862273271,64.1385247824,68.6444662784,72.8889967959
Czechoslovakia,,,,,,,,,,,,,,,,,,,,,,
Denmark,0.0972790652,0.1940843753,0.3869640795,0.578635602,1.3458288874,3.8256498414,5.7064518566,11.3660270294,22.6492152465,30.5845044465,39.1715871938,42.9356562983,64.1851755073,76.1738877196,80.8664632198,82.7401832074,86.7356098058,85.1497579758,85.0771224007,86.8679713385,88.7593249722,89.9772981701
Djibouti,0,,,,,0.0160308305,0.0311662407,0.0829414976,0.094696004,0.1057619088,0.1945005284,0.343526263,0.4869717045,0.6259402294,0.7813171751,0.9536114493,1.2700411592,1.62,2.26,4,6.5,7
Dominica,0,,,,,0.5487627365,1.1655181457,,2.9253451907,2.9321643771,8.8148441976,13.2452280387,18.4248927671,23.620419853,30.3196130922,38.5436432638,39.3981743035,40.2744630072,41.16,42.02,47.45,51.3135
Dominican Republic,0,,,,,0.0172336008,0.0749870526,0.1426875655,0.233914189,1.1047438738,3.7046923559,4.4293906967,6.8237257326,7.8983929372,8.8655534607,11.4831977789,14.8449283655,17.66,20.82,27.72,31.4,35.5
East Germany,,,,,,,,,,,,,,,,,,,,,,
Ecuador,0,,0.0051180354,0.0164007513,0.0348335861,0.0438336412,0.0861612756,0.1102179594,0.125272771,0.8233716344,1.4621885356,2.6704436738,4.2607969152,4.4602283447,4.8344426376,5.994255161,7.2,10.8,18.8,24.6,29.03,31.4
Egypt,0,,,0.0009757914,0.0063832696,0.0313196382,0.0614668989,0.0904802447,0.1479873769,0.2904452783,0.6412650375,0.8389456115,2.7199997147,4.0378851071,5.1506662321,11.6983982082,12.5527999698,16.05,18.01,24.28,30.2,35.62
El Salvador,0,,,,,,0.0863895807,0.2569606794,0.4252536723,0.8454287414,1.1773972691,1.5,1.9,2.5,3.2,4.2,5.5,6.11,10.08,12.11,15.9,17.68859598
Equatorial Guinea,0,,,,,,,0.0414622921,0.0944237739,0.0974159447,0.1323546651,0.1652604229,0.3211979972,0.520524272,0.8439302846,1.1497896706,1.2791935964,1.5571230594,1.82,2.13,6,
Eritrea,0,,,0,0,0,0,0.009017718,0.0087742363,0.0254950285,0.1367119411,0.1578152893,0.2270901376,0.7256232317,1.1610256687,1.7884600509,2.1593832111,2.5098464413,4.06,4.93,5.4,6.2
Eritrea and Ethiopia,,,,,,,,,,,,,,,,,,,,,,
Estonia,0,,0.0652528161,0.3013625665,1.1633209289,2.7868529432,3.5354031227,5.7211708005,10.8291981388,14.5463082732,28.6027030437,31.4979522684,41.4588802365,45.2663615939,53.1668409312,61.4390438802,63.5332097649,66.2492500924,70.6573883305,72.5734590243,74.154130735,76.5306570896
Ethiopia,0,,,,,1.7549122539E-005,0.0017034483,0.0049667205,0.0096635174,0.0125415989,0.0152637672,0.0371623811,0.0724022619,0.1058116588,0.1553345208,0.219659819,0.3105926569,0.37,0.45,0.54,0.75,1.1
Faeroe Islands,0,,,,,0,2.3187868107,4.6012975659,11.3378684807,22.2975383518,32.9163923634,43.2469835229,53.2992218314,58.9126409695,66.5335994677,67.9026317414,69.3594451244,75.98,75.57,75.18,75.2,80.7321728
Falkland Is (Malvinas),,,,,,,,,,,,,,,,,,,,,,
Fiji,0,,,0.0066784474,0.0079073991,0.0091153429,0.0644371416,0.2234548417,0.6331678655,0.9424620628,1.496854734,1.8579785936,6.1526497001,6.7254347382,7.4129434854,8.4536366337,9.6000384002,10.8978310455,13,17,20,28
Finland,0.4010884739,1.3961627857,1.8841755626,2.5658997051,4.9132004529,13.9003365448,16.7820530186,19.4564945694,25.4403061283,32.2733412113,37.2280320398,43.0818664788,62.3904695479,69.1878797755,72.3608538759,74.4550980691,79.6549780148,80.8061338433,83.716217393,82.5313309762,86.9093436232,89.3330044366
France,0.0513583964,0.1362929817,0.271338368,0.5740868859,0.8743518422,1.5908914889,2.5087997218,4.1294412025,6.1308104757,8.862278766,13.8702769902,25.4828460561,29.1894249803,34.944832628,37.8355608025,41.3910811706,45.2200554377,63.7489392371,68.1851905463,69.0633593001,77.2835793829,76.7699166747
French Guiana,,,,,,,,,,,,,,,,,,,,,,
French Polynesia,0,,,,,,0.0909719443,0.2143852503,1.3161646961,3.4489002319,6.3570635452,6.2515889455,8.2002164857,14.1242937853,17.8845374264,21.5421854743,25.1079642463,28.59,33.87,44.6,49,49
Gabon,0,,,,,,0,0.0479990086,0.1701248802,0.2490095645,1.2161406183,1.3476202216,1.9395301062,2.6595865939,2.9790698004,4.8932647497,5.4892008028,5.7670045756,6.21,6.7,7.23,8
Gambia,0,,,,,0.0092175413,0.0355073602,0.051311347,0.2060944605,0.7158270148,0.9217949191,1.3367911665,1.796779883,2.4367811931,3.3080034781,3.7990011388,5.2376911584,6.2050374185,6.88,7.63,9.2,10.8703
Georgia,0,,,,,0.0126751914,0.0433309575,0.0662140589,0.1114564009,0.4493181642,0.5206735662,1.0599722208,1.6859230322,2.7012599641,4.0673860623,6.2408897277,7.6035917732,8.3118668672,10.0335607318,19.9008692527,26.2925268595,35.2806933928
Germany,0.1253613899,0.2491418815,0.4334409509,0.4623197386,0.9231849998,1.843393972,3.0654523051,6.7349138467,9.9143640487,20.9072513651,30.2668908884,31.6641344302,48.7865793808,55.8660912166,64.7363407211,68.7694182783,72.2998823788,75.3883358624,78.346894877,79.4852315332,82.5269685472,83.4433166434
Ghana,0,,,,,0.0003479176,0.005648763,0.0275375418,0.0322404432,0.1048954662,0.1536152976,0.2000080603,0.8302840338,1.193057911,1.7167977039,1.831197461,2.7231759731,3.85,4.27,5.44,9.55,14.11
Gibraltar,,,,,,,,,,,,,,,,,,,,,,
Greece,0,0.0487452295,0.0482048115,0.191039732,0.3789304077,0.7522544906,1.4012850705,1.8579401479,3.2366075392,6.9120698477,9.1969316969,11.0173513968,14.7845437128,17.9413825392,21.5856793291,24.1710718649,32.4549242676,36.0818080361,38.3859944039,42.5647333099,44.5720123568,53.4033654459
Greenland,0,,,,0.0648648649,0.0537634409,1.7889087657,7.9178571429,14.5935828877,21.5725775867,31.7455516014,35.4924578527,44.1618089917,54.6101553024,56.2271599688,57.9618460245,59.8907501101,61.8917535143,63.9229857265,63.9243349964,63.8502821361,64.6225856478
Grenada,0,0,0,0,0,0,0.2980329823,0.9908838684,1.4848544843,2.4731661473,4.0639079915,5.1281039822,14.7588405455,18.6451821831,19.5706205844,20.487804878,21.3959911693,22.29,23.18,24.05,33.46,
Guadeloupe,,,,,,,,,,,,,,,,,,,,,,
Guam,0,,,,0.34845391,0.6595309086,1.3561068883,2.3445716468,4.5012841899,8.4971763229,16.1131270423,25.3802275337,31.1922942556,33.7166817881,36.1617878388,38.5598775576,43.8514430048,46.1504736192,48.4187021509,50.642028382,,
Guatemala,0,,,,,0.0029980054,0.0195348708,0.0954760215,0.4665904445,0.5926529453,0.7123329045,1.7382017816,3.3917462702,4.5488549085,5.1,5.7,6.5,7.3,8.3,9.3,10.5,11.7274
Guernsey,,,,,,,,,,,,,,,,,,,,,,
Guinea,0,,,,0.0001383185,0.0006685894,0.0019489419,0.0038031085,0.0062033685,0.0608089192,0.0954249236,0.1755418685,0.4020227487,0.4509603708,0.5088193323,0.542254181,0.637492123,0.7800252791,0.92,0.94,1,1.3
Guinea-Bissau,0,,,,,,,0.0163890633,0.0240604205,0.1177024482,0.2301031706,0.2995691447,1.0229932344,1.3541974776,1.8081422034,1.9013653161,2.0571967045,2.2063022375,2.3548887109,2.3032805917,2.45,2.672
Guyana,0,,,,,,0.0658541147,0.131828033,0.2640881104,3.9663547349,6.6114915657,13.2069864959,,,,,,,18.2,23.9,29.9,32
Haiti,0,,,,,,0.0074842531,,0.0239994768,0.0706584781,0.2312707146,0.3408323262,0.8934329883,1.6473583456,5.4012619076,6.376201635,6.7960004805,7.2,7.6,8.1,8.37,
Holy See,,,,,,,,,,,,,,,,,,,,,,
Honduras,0,,,,,0.0367752524,0.0437112456,0.1709964682,0.3012472137,0.5735754761,1.2038559989,1.4152819312,2.5974025974,4.8,5.6,6.5,7.8,9.4,9.6,9.8,11.09,15.9
"Hong Kong, China",0,0.1231648579,0.8661675284,1.3510220496,2.7900218603,3.212474534,4.6254470848,10.3968770511,14.59079321,21.5074890624,28.3217587549,39.3312700818,43.6743481686,52.9091427976,56.6015181763,56.8720978542,60.5862144638,64.3029994658,66.209316193,69.2441901281,71.8511570786,75.0329390096
Hungary,0,0.0033785316,0.0482757988,0.1932418673,0.4835375885,0.677645965,0.9694985011,1.9426114522,3.8940408675,5.8577789523,6.9993843253,14.5244000586,16.671091247,21.6405934033,27.7489116928,38.9695016261,47.0268428665,53.2299918654,55.9090560966,47.9022869201,52.9131967996,58.9711005917
Iceland,0,0.5042707823,1.5322265285,2.6542800265,6.7664086475,11.2162950334,14.8727163359,27.6519748394,36.4707711664,41.4467150107,44.4713245381,49.2238270278,78.9163682905,83.1982942861,84.147084369,87.0026387269,88.6932244175,88.9003376492,89.0654035424,92.136863852,95.625784097,96.6183615047
India,0,,0.0001113077,0.0002181757,0.0010695624,0.0262288788,0.0463339767,0.0707678487,0.1390273288,0.2732242767,0.5275324499,0.660146377,1.5378755818,1.6864899706,1.9761364919,2.388075,2.8054998653,3.95,4.38,5.12,7.5,10.07
Indonesia,0,,,,0.0010597444,0.0261094772,0.0566239887,0.1949102636,0.2553066463,0.444415936,0.9255638645,2.0186138595,2.134135733,2.3870197796,2.6002858763,3.6020247626,4.7648131337,5.7862747293,7.9174793849,6.92,10.92,18
Iran,0,,,,0.000408332,0.0041797524,0.0158260802,0.0467560941,0.0998152205,0.3785690945,0.93419002,1.4842213316,4.6261751149,6.933721953,7.49,8.1,8.76,9.47,10.24,11.07,16,21
Iraq,0,,,,,,,,,,,0.0984532352,0.4932603954,0.5926952857,0.8903256172,0.892206863,0.9425670489,0.9194588193,0.9881651354,1.0475166158,2.4719620067,4.9549454873
Ireland,0,0.0568505385,0.1692511017,0.2803305826,0.5578016419,1.109036524,2.1998744043,4.0834582145,8.0829066478,10.9226237287,17.8439278415,23.1362806068,25.875206062,34.4300607603,37.130080383,41.5912751129,54.3836239775,59.6373162439,64.2649427083,66.6733848029,69.7804365589,77.484312378
Isle of Man,,,,,,,,,,,,,,,,,,,,,,
Israel,0.1069692593,0.2013244311,0.2914584188,0.3779980247,0.5518899527,0.8946959028,2.0901867485,4.2447063737,9.9516736811,12.9258037366,19.9642019035,16.5481879824,16.8766205723,18.6046180569,21.6409437024,24.0106011667,26.7009718241,46.3858372022,57.6309547887,61.2257001282,65.6831418228,68.1655974349
Italy,0.0175795437,0.0351235109,0.0701743882,0.1226898145,0.192716666,0.5255543045,1.0246947334,2.2766549131,4.5540960024,14.3676383186,23.1288220512,27.3281833109,28.2075122632,29.1709083887,33.2905508141,35.0383180056,38.0806226017,40.8724067342,44.5741339267,48.8753930721,53.7398745232,56.817472753
Jamaica,0,,,,0.0365078249,0.1086719468,0.5851985388,0.7898632313,1.96074827,2.3407851803,3.1064639211,3.8623268871,6.1197455684,7.8611030201,10.1015768925,12.9509351041,16.6046628365,21.3621295314,23.8905385531,24.6170827274,28.0667982237,31.988004097
Japan,0.0200824592,0.0400405874,0.095859763,0.3984336456,0.7941593014,1.5822597205,4.3400870154,9.0904482847,13.2989712048,21.2023948316,29.7189656739,38.1516232411,46.0835883401,47.8535743428,61.6801429996,66.1982622349,67.9910784511,73.5700511252,74.7154581484,77.3846896326,77.6487929573,78.7086520137
Jersey,,,,,,,,,,,,,,,,,,,,,,
Jordan,0,,,,,0.0242696433,0.0468611402,0.6191791201,1.3299239482,2.5652982373,2.6394585293,4.6985961693,5.9781366599,8.3558190757,11.4832409483,12.7667599546,13.7622151423,20.0192264218,23.2462236046,26.4861186813,27.8307548206,35.7422582268
Kazakhstan,0,,,,0.0005218856,0.0113811261,0.0320995917,0.0652328046,0.1327557849,0.4690649754,0.6718767248,1.0087874886,1.6795861336,2.0071306043,2.657545946,2.9665519574,3.2692760249,4.0178973407,10.9869086377,17.9145796487,31.0251971432,44.0441800774
Kenya,0,,,,,0.0007274822,0.0088391149,0.0344060509,0.0502613877,0.1142560282,0.3180597136,0.6197822662,1.2077738849,2.941902861,3.0235280421,3.1018977025,7.5337897198,7.95,8.67,10.04,14,28
Kiribati,0,,,,,,,,0.6165456182,1.2115778378,1.785225474,2.3374589484,2.5,3,3.5,4,4.5,6,7,8.97,9.07,10
North Korea,0,,,,,,,0,0,0,0,0,0,0,0,0,0,0,0,0,,
South Korea,0.0233255304,0.0462358826,0.0985537206,0.2499536089,0.3107487349,0.8118546842,1.6037090814,3.5438970831,6.6658068198,23.1136589246,43.7297224472,55.229794041,57.9017995842,63.8109200673,70.8714131705,71.8298072417,76.3170831742,77.0185926993,78.9893569021,79.5790353544,81.6224646995,81.4639615782
"United Korea (former)
",,,,,,,,,,,,,,,,,,,,,,
Kosovo,,,,,,,,,,,,,,,,,,,,,,
Kuwait,0,,,,,0.2028984331,0.8556623169,2.1745358589,3.0523974547,4.7562222088,6.7313957684,8.5517924343,10.2489679289,22.4029383805,22.927112036,25.9261083689,28.791197955,34.8,42,50.8,61.4,74.2
Kyrgyz Republic,0,,,,,,,,0.0736460343,0.2071839655,1.0534024297,3.0289586005,3.0064714214,3.8816770214,5.0042934067,10.2885057408,11.989291442,13.6859688691,15.3617298964,16.6450314863,18.016061822,19.5844561467
Lao,0,,,,,,,,0.009657814,0.0377807083,0.1110440323,0.1816644607,0.2678992413,0.3339124664,0.3614344903,0.8503574903,1.1698934277,1.64,3.55,6,7,9
Latvia,0,,,,,,0.8145014479,2.0586397281,3.3287489521,4.4093783846,6.3509824687,7.2570241799,22.0499146507,27.0830658458,38.6869248393,46.1002976729,53.750295199,59.3153968674,63.5528204832,67.0340429495,68.8188453101,72.4272155676
Lebanon,0,,,,,0.0716179908,0.1401669388,1.2410797394,2.7223521994,5.376809498,7.9527437364,6.7832197753,7,8,9,10.14,15,18.74,22.53,30.14,43.68,52
Lesotho,0,,,,,,0.0028459396,0.0055844333,0.0109565327,0.0538044595,0.2118060704,0.2611500631,1.0839431374,1.5324965902,2.1755243393,2.5802454842,2.9797081872,3.4454312597,3.58,3.72,3.86,4.2248
Liberia,0,,,,,,,0.0044894426,0.0040993872,0.0113287319,0.0177027057,0.0338122272,0.0327133071,0.0318689345,0.0310111848,,,0.5513765806,0.53,0.51,2.3,3
Libya,0,,,,,,,,,0.1336172892,0.1870426223,0.3665331753,2.2444182217,2.8145179874,3.5328381615,3.9177879771,4.3010517891,4.7219993785,9,10.8,14,16.9981
Liechtenstein,0,,,,,,,,,,36.5152298938,45.1168526484,59.470710675,58.8096918372,64.0074481394,63.371356147,64.2141613631,65.0802184432,70,75,80,85
Lithuania,0,,,,,,0.277608544,0.9789670423,1.9723332186,2.9226350162,6.4279710766,7.1759130063,17.6559975382,25.8572304481,31.1979027189,36.2353184016,43.9493184019,49.9506299883,55.2476912732,59.7893659087,62.8153398482,67.1719135342
Luxembourg,0,,0.1526530683,0.3011699197,0.4951048179,1.5866474872,5.5402879809,7.1410863548,11.759824278,17.395026482,22.8448896318,35.9983005771,39.5459603967,53.9110488674,64.8435399644,68.8019769627,71.4282649475,78.2164508232,81.9154847641,87.2843919338,90.7084833505,90.7038249323
"Macao, China",0,,,,0.0369933757,0.2800140857,0.7272735981,2.3641276724,7.0033242446,9.212005085,13.6085897418,22.5212167701,25.1718801643,25.7421239826,31.4840973824,34.8629271734,46.4,47.327,49.24,54,53.8,58
"Macedonia, FYR",0,,,,,0.0407438399,0.0759957341,0.5039850095,1.0028616658,1.4973302601,2.4855663164,3.4681846085,17.33,19.07,24.44,26.45,28.62,36.3,46.04,51.77,51.9,56.7
Madagascar,0,,,,,,0.0036951957,0.014333647,0.0625610231,0.1686087813,0.196394691,0.2225115862,0.3397201546,0.4232524193,0.5253536549,0.5677218022,0.6075522389,0.65,1.65,1.63,1.7,1.9
Malawi,0,,,,,,,0.004668518,0.0180573652,0.0872787549,0.1267809448,0.1640207253,0.2150947265,0.2788151163,0.347505335,0.3844893341,0.4251374896,0.9658647366,0.7,1.07,2.26,3.33
Malaysia,0,,0.0010478224,0.0255384775,0.0996074173,0.1456738367,0.8520444665,2.307393234,6.751770483,12.3055021988,21.3847311645,26.6959725007,32.3382043389,34.9711523397,42.2522656295,48.629170246,51.6379889864,55.7,55.8,55.9,56.3,61
Maldives,0,0,0,0,0,0,0.2269300897,0.3094442381,0.5696274636,1.1199086155,2.2038729394,3.6172906493,5.3477651689,5.9765928499,6.5882548753,6.869605067,11.0363527829,16.3,23.2,24.8,28.3,34
Mali,0,,,,,,0.0020552281,0.0100859189,0.0197938882,0.0609098734,0.142545755,0.1858974133,0.2270455785,0.3103644432,0.4328196399,0.507063136,0.7296272808,0.81,1.57,1.8,1.9,2
Malta,0,,,,,0.2348007256,1.0983357641,4.0905269982,6.7748041042,8.08664803,13.6658514748,18.1834331301,29.3783010286,32.132561631,35.1303255181,41.7973731976,40.8749444893,47.3079457279,50.3226500303,59.0347355377,63.0787509465,69.0308427208
Marshall Islands,0,0,0,0,0,0,0.0370594316,,,0.9660715666,1.5342717962,1.7066140777,2.3354445752,2.5697503671,3.5997768138,3.8787023977,3.7955902143,3.71082549,3.6267721728,3.5460421334,,
Martinique,,,,,,,,,,,,,,,,,,,,,,
Mauritania,0,,,,,,,0.0041725273,0.0405947949,0.1184644636,0.1920314624,0.261448552,0.3632294146,0.4240048958,0.4814704382,0.6699664749,0.9796612527,1.4336131959,1.87,2.28,4,4.5
Mauritius,0,,,,,,0.1864352786,0.4814711917,2.5940846783,4.6886426667,7.3376954392,8.8423618068,10.343604097,12.2945746242,13.8254149901,15.3368438338,16.8864505252,20.4645998145,22.0727725343,22.8026579647,28.7335882223,35.5082538329
Mayotte,,,,,,,,,,,,,,,,,,,,,,
Mexico,0,0.0058806949,0.0173078099,0.0283050416,0.0433391668,0.1025641899,0.2004062803,0.6273115396,1.2657832782,1.8574362213,5.0813841534,7.0380231165,11.9,12.9,14.1,17.21,19.52,20.81,21.71,26.34,31.05,36.15
"Micronesia, Fed. Sts.",0,,,,,,0.2780377946,0.570676845,1.8587187851,2.7975940691,3.7348621369,4.6605271988,5.5700997048,9.2325021004,11.0178673082,11.8813690993,12.7503392501,13.6211327334,14.49,15.35,20,
Moldova,0,,,,0.0009744396,0.0040815227,0.0054541516,0.0328075083,0.3014120741,0.6863606636,1.4475021793,1.6552757956,4.1486640618,7.9888928676,11.2899706207,15.3289637774,20.3289734876,20.9910562319,23.8155411056,27.7872936219,32.3981405995,37.8490677157
Monaco,0,,,,,,,,,,42.184863446,46.646142364,48.047117173,49.4911689195,52.4901966839,55.4648260561,61.4760397135,64.3776824034,67.25,70.1,75,
Mongolia,0,,,,,0.0088112248,0.0181607493,0.1127425537,0.1458105415,0.5084715599,1.2556520036,1.6532382391,2.0395726035,,,,,,12.49,12.6,12.9,20
Montenegro,,,,,,,,,,,,,,,25.3500686036,27.1,28.9,30.8,32.9,35.1,37.5,40
Montserrat,,,,,,,,,,,,,,,,,,,,,,
Morocco,0,,,,,0.0037104918,0.0056754442,0.0216352031,0.1423007672,0.1755953446,0.6937912448,1.371438101,2.3732531924,3.3533666812,11.607934773,15.084444524,19.7711915653,21.5,33.1,41.3,49,51
Mozambique,0,,,,,,0.0030429788,0.0118426108,0.0201970552,0.056250629,0.10959253,0.1600319466,0.2596126113,0.4195388439,0.6794478354,0.8543571181,0.842954488,0.91,1.56,2.68,4.17,4.3
Myanmar,0,,,,,,,,,0.0001517094,,0.0002892774,0.0004264935,0.0240641491,0.024337392,0.0652388555,0.1820483311,0.2171284451,0.22,0.22,0.25,0.98
Namibia,0,,,,,0.0061720509,0.0090321454,0.0587506786,0.2867450934,0.3362177077,1.6447395473,2.4169794417,2.6336997688,3.3598398855,3.8047156153,4.0100466444,4.3988706473,4.8356107783,5.3290037721,6.5,11.6,12
Nauru,,,,,,,,,,,,,,,,,,,,,,
Nepal,0,0,0,0,0,0.0009248776,0.0045104728,0.0219988576,0.0643935956,0.1466688692,0.2046516837,0.2400153034,0.3129560601,0.382810917,0.4498436512,0.8265512659,1.1413891639,1.41,1.73,1.97,7.93,9
Netherlands,0.3330497306,0.5288471825,1.3129267112,1.9570845198,3.2440266295,6.4577312089,9.6407586611,14.0611567673,22.2204554809,39.0854361535,43.8112146573,49.0877255636,60.8991070646,64.0026037204,68.281435052,80.9284742377,83.8631284794,86.1436881175,87.7265569846,89.7865912669,90.7068632474,92.1272194418
Netherlands Antilles,,,,,,,,,,,,,,,,,,,,,,
New Caledonia,0,,,,,0.0051187965,0.2505645459,0.97854581,1.9238410334,5.6520957999,13.8568515984,18.1187872561,22.2129959557,26.1463978594,29.9279925297,31.9016401051,33.0261746163,34.547674505,34.3580900875,34.1726972881,42.6580566802,51.1678714859
New Zealand,0,,0.2836276895,0.6298602386,3.1717133752,4.8864479559,8.0103135799,14.4888880399,31.3747951985,41.3026176065,47.3836341057,53.6022666619,59.282422369,60.8651893266,61.720982026,62.7235047287,69.0049961765,69.8286496606,72.1803233315,79.8260928681,83.0063849077,86.18173386
Ngorno-Karabakh,,,,,,,,,,,,,,,,,,,,,,
Nicaragua,0,,,,0.0131662276,0.0300464776,0.0840932914,0.2062168184,0.3038089746,0.4979016433,0.9802164867,1.4487994282,1.7147295843,1.8804125324,2.3206646086,2.5663511766,2.8055730627,3.9,5.3,7.3,10,10.6
Niger,0,,,,,,0.0010393045,0.0020087661,0.0029115028,0.0281360223,0.0362612938,0.1051854314,0.1271524688,0.1556987037,0.1899337337,0.2213413515,0.2940339771,0.3903906198,0.7,0.76,0.83,1.3
Nigeria,0,,,,,,0.0088329804,0.0172374007,0.025231461,0.0410387229,0.0640808079,0.0899013705,0.3204619755,0.5585762449,1.2861376413,3.549155718,5.545036083,6.77,15.86,20,24,28.43
Niue,,,,,,,,,,,,,,,,,,,,,,
Norfolk Island,,,,,,,,,,,,,,,,,,,,,,
Northern Cyprus,,,,,,,,,,,,,,,,,,,,,,
Northern Mariana Islands,0,,,,,,,,,,,,,,,,,,,,,
Norway,0.7073014493,1.4077914461,2.2159620009,2.78229798,4.1498821881,6.4230908254,18.2661520398,20.4500251276,22.5997400651,40.0336268323,51.9987494898,64.0028641367,72.7989105626,78.0239691732,77.6077065404,81.9901241388,82.6939101551,87.1674483458,90.7741343359,92.1806091627,93.2727002597,93.4547589984
Oman,0,,,,,,0,0.4397928048,0.8627253061,2.5156659866,3.5204214165,5.8938415215,6.8733960392,7.2557429454,6.7588521702,6.6835814202,8.2997166725,16.68,20,51.5,62,68
Pakistan,0,,,,,0.0001227019,0.0029917305,0.0275492379,0.0439477193,0.0553572379,,1.3185507793,2.5774267368,5.0411581259,6.1643209853,6.3323290983,6.5,6.8,7,7.5,8,9
Palau,0,,,,,,,,,,,,20.2439394706,21.6015271777,26.9703326341,,,,,,,
Panama,0,,,,0.0076368991,0.0561230427,0.219998526,0.5390655407,2.7506480714,3.8368645085,6.5547964773,7.2683998779,8.5180778152,9.9874240772,11.1408625409,11.4840092783,17.3495661696,22.29,33.82,39.08,40.1,42.7
Papua New Guinea,0,,,,,,0.0020670228,0.100588321,0.2349585416,0.6671133149,0.8352493024,0.9041035452,1.3216569349,1.374404668,1.5079127723,1.7161904756,1.7544872607,1.7905593614,1.15,1.61,1.28,2
Paraguay,0,,,,,,0.0203596118,0.0995767193,0.1949049507,0.3816573202,0.7476307115,1.0987938357,1.7949695977,2.1119420821,3.4524384314,7.9070078614,7.9620738839,11.21,14.27,18.9,19.8,23.9
Peru,0,,,,0.0085045783,0.0334123047,0.24623258,0.4034297011,1.1903804404,1.9524976076,3.0764306114,7.5787629572,8.9669491704,11.6,14.1,17.1,20.7,25.2,30.57,31.4,34.77,36.5
Philippines,0,,,,0.0058442535,0.0285857018,0.0559460285,0.1369129629,1.1034059944,1.4316088034,1.9822531961,2.5240056601,4.3322757464,4.8576722671,5.2436284522,5.3976363294,5.7405863253,5.97,6.22,9,25,29
Pitcairn,,,,,,,,,,,,,,,,,,,,,,
Poland,0,0.0052177805,0.0519696312,0.1294713445,0.3873000572,0.6443416261,1.2876409235,2.0594878865,4.0707532411,5.4106833159,7.2567610261,9.9055190793,21.1500735789,24.8658214284,32.5239612566,38.8095881602,44.6139692056,48.6882258078,53.2591858974,59.1208965757,62.4717487624,65.0208240297
Portugal,0,0.1000139277,0.2507308325,0.4522170229,0.7241851839,1.5084232071,3.0138293005,5.0119803111,9.9903461798,14.91874677,16.607810651,18.2395883092,19.4724750494,29.7402828119,31.7929607816,34.9708920952,37.9858889979,39.6188832951,41.9481188314,46.6079921414,51.283631199,55.5737862085
Puerto Rico,0,,,,0.0274007256,0.1357819467,0.2687103333,1.3322571925,2.6504048915,5.2702456835,10.4849507676,15.6237155025,17.4978366188,19.5905428247,21.9311966965,23.1589321284,25.2276775556,27.7304504605,37.9809538548,41.6460773017,45.6289928903,48.5029090644
Qatar,0,,,,,0.1902095348,0.9301858325,3.083749186,3.5200298499,4.0707289149,4.8636791788,6.1702685609,10.2261289281,19.242336421,20.7016478512,24.7334937811,28.9741127136,37,44.3,53.1,81.6,86.2
Reunion,,,,,,,,,,,,,,,,,,,,,,
Romania,0,,,0.0037334258,0.0263927077,0.0749417989,0.2211168825,0.4436963124,2.224248934,2.6748503347,3.5732554563,4.5321142813,6.642667618,8.9750306147,15.1109348491,21.6365247457,24.7942327577,28.4287318072,32.5344108249,36.696810986,40.0200930129,44.1156853623
Russia,0,,0.0006734763,0.0134857687,0.0540098949,0.1487086621,0.271063844,0.4756456612,0.8174484086,1.0257940839,1.9833727356,2.9486479084,4.1345210831,8.3149890624,12.9002787311,15.3004035893,18.1510288555,24.867298971,27.0592882917,29.2358414629,43.3145508174,49.312634362
Rwanda,0,,,,,,0.0008833716,0.001625791,0.0117635728,0.0671764824,0.0628314595,0.2406724098,0.2927847188,0.3569184673,0.4308542434,0.5560411648,,2.1153871783,4.5,7.7,8,7
St. Barthélemy,,,,,,,,,,,,,,,,,,,,,,
St. Helena,,,,,,,,,,,,,,,,,,,,,,
St. Kitts and Nevis,0,,,,,,2.0809552054,2.4560314816,3.7402683904,4.7356273725,6.1007064153,7.8124342678,21.4227301185,23.566280725,24.7376775444,34,49,52,60,69,76,
St. Lucia,0,,,,,0.3090823649,0.6794017513,1.0015355679,1.3154665351,1.9509739492,5.1267702813,8.2317126098,14.7667854267,21.1699336141,21.5528768246,21.691610001,24.5905569546,27.9754107807,32.0550457638,36.0183790683,40.0613793103,42.0105
St. Martin,,,,,,,,,,,,,,,,,,,,,,
St. Vincent and the Grenadines,0,,,,,0.1286346221,0.4832483174,0.9263719569,1.8539976825,2.7820022998,3.2450374106,5.0948097783,5.5495948796,6.4622741666,7.371165842,9.1982780823,12,16,21,31,38.5,43.01
St.-Pierre-et-Miquelon,,,,,,,,,,,,,,,,,,,,,,
Samoa,0,,,,,,,0.1745718625,0.2303590145,0.2853083327,0.5663925327,1.6899028306,2.2448326758,2.7996304488,3.0755294104,3.3525921125,4.4691738732,4.7499832354,5.0316153162,6,7,
San Marino,0,,,,,1.3621327106,1.4280751862,1.4185484799,1.4085579412,42.8033157498,48.7994953056,50.3416690899,50.8348399447,50.0034530387,50.5663430421,50.2595641967,50.2086593636,50.3648221089,54.52,54.21,,49.6
Sao Tome and Principe,0,,,,,,,,0.2958470471,0.3632031613,4.6385168164,6.3109178879,7.5806651689,10.161844307,13.3228526892,13.7594842159,14.1820197775,14.5904831987,15.48,16.41,18.75,20.1612
Saudi Arabia,0,,,,,0.0109561336,0.0267326514,0.0520990309,0.1014298927,0.4935853402,2.2106918091,4.6810531658,6.3847050196,8.0015828909,10.234532997,12.7050359883,19.4595543514,30,36,38,41,47.5
Senegal,0,,,,,0.0006928482,0.0112382191,0.0273474415,0.0798713794,0.3110909524,0.4039674859,0.9837940588,1.0064545367,2.1014364299,4.3860239801,4.7866840831,5.6117386522,7.7,10.6,14.5,16,17.5
Serbia,,,,,,,,,,,,,,,31.1589653011,28.7078378055,29.730587518,36.3657603407,39.258717527,42.2383228242,45.5588153692,47.1929614929
Serbia and Montenegro,,,,,,,,,,,,,,,,,,,,,,
Serbia excluding Kosovo,,,,,,,,,,,,,,,,,,,,,,
Seychelles,0,,,,,,0.6436054775,1.2649690937,2.4670007665,6.0276427588,7.172660047,10.802402733,13.7812226501,14.3915930256,24.31068044,25.6011853161,34.8243097157,38.3538214576,39.794492847,,40.9966830396,43.6051807381
Sierra Leone,0,,,0,0,0,0.0025061162,0.0049878347,0.0148050654,0.0484906556,0.1182542457,0.1602644455,0.1761989568,0.1901732817,0.2030076806,0.2153916103,0.2276694672,0.2398346985,0.25,0.26,,
Singapore,0,0.1596687634,0.4655308765,0.7572705056,1.1735860962,2.8385039735,8.1357608678,13.0269185342,18.7629933937,23.4597820702,35.0293701433,40.0889630559,45.3817526341,53.4617789863,61.9026558188,61.0028456561,59.1146782842,67.945079545,68.0420928214,68.4195815623,71.1359107294,75.0612448637
Slovak Republic,0,,,0.1280744102,0.3189527069,0.5238829599,0.784375534,1.1748204691,2.6928196894,5.4431293666,9.4550116066,12.593953338,40.3571970026,43.2766172845,53.1739928467,55.4819321994,56.3994684432,62.1853656205,66.4736434886,70.4311933547,76.156443831,74.8710678088
Slovenia,0,,,0.40166011,1.0555777608,2.8645058577,5.0285543178,7.5529265675,10.0925280862,12.6066967183,15.0835250198,30.1202412277,27.7940675106,31.8339313966,40.8293524476,46.8476731215,54.0109419404,56.5775782138,57.9097855061,63.5095988614,69.3540852384,71.4039298246
Solomon Islands,0,,,,,0.0248719097,0.2686835848,0.3919232458,0.508292797,0.4945414982,0.4812968061,0.4685519636,0.5019198434,0.5556098819,0.6496726733,0.8443075728,1.6463479886,2,3,4,5,6
Somalia,0,,,,,0,0.0015095504,0.002948713,0.00716442,0.013910394,0.02,0.0790391787,0.1156142134,0.3761980025,1.0534547436,1.0773278391,1.1002163681,1.1222356216,1.1426873722,1.1606105425,,1.25
Somaliland,,,,,,,,,,,,,,,,,,,,,,
South Africa,0,0.0139334131,0.0409360281,0.1202298178,0.2614736249,0.71622353,0.8876704101,1.709750005,3.0183465066,4.2326553299,5.4409901377,6.4144299003,6.7813722896,7.0859294655,8.5265670699,7.5828374449,7.7027598281,8.1631779517,8.5209362538,10.0874597908,18.0509549862,20.9473704353
South Ossetia,,,,,,,,,,,,,,,,,,,,,,
Spain,0.0128863958,0.025712694,0.0768820193,0.1277351273,0.2802380156,0.3811856858,1.3332414543,2.8051779332,4.3633117263,7.0890575712,13.6335022935,18.1694588749,20.4150485149,39.9635356879,44.0516506367,47.8770189563,50.257475851,54.7728473172,59.0643109813,62.0323561031,65.8085950956,67.9215075592
Sri Lanka,0,,,,0.0027961647,0.0055127102,0.0544781503,0.161241838,0.2920297644,0.3402619004,0.6353133199,0.799092078,1.0622529937,1.4735557614,1.4592266888,1.8101584719,2.5636433331,3.9251661121,5.8736723648,8.8740863941,12.1202434513,15.1267866213
Sudan,0,,,,0,0,0,0.001231819,0.004805071,0.0087945808,0.0257850325,0.1401852245,0.4394776391,0.5384717032,0.7915616154,1.292040678,8.0920337342,8.66,10.16,,,
Suriname,0,,,,,0.1147207353,0.2263062965,1.0030869364,1.6701484356,1.8918713571,2.5064110523,3.0644483887,4.161568745,4.7198753953,6.0760478144,6.4030862876,9.4996269417,14.11,21.06,31.36,31.59,32
Svalbard,,,,,,,,,,,,,,,,,,,,,,
Swaziland,0,,,,,0.00103175,0.050399009,0.0885459864,0.0980599308,0.4887682465,0.9747973122,1.3613286252,1.9404696194,2.6146948218,3.4809599552,4.0148468557,4.0551991119,4.5537884447,7.6373921126,10.0095009243,12.4054796846,20.4316581333
Sweden,0.5841916569,1.160432455,1.4997013399,1.7203670026,3.4163979071,5.0980300192,9.0501699502,23.7490627602,33.473849656,41.4075854245,45.6260838106,51.6554645584,70.3871338857,78.9282757742,83.7448032202,84.8278674061,87.8585988687,82.1290692901,90.168244151,91.1232610799,90.0149806049,90.882045594
Switzerland,0.592007952,1.169566424,1.7362575312,2.152589367,2.7073384759,3.5409158389,4.5426526244,15.1033591502,24.8102792672,33.965490718,46.9928617183,54.9333477135,61.1490142494,64.8168296748,67.5394843175,69.8916166686,75.5423678242,76.8983613418,78.4287717247,80.0126519161,82.1650535327,82.9877308714
Syria,0,0,0,0,0,0,0,0.0326078138,0.0636872863,0.1242954622,0.1816985801,0.35375913,2.0931010186,3.3979726136,4.3215937779,5.6481060488,7.8573802687,,14.0402673908,17.3134950987,20.6635508216,22.4413474179
Taiwan,,,,,,,,,,,,,,,,,,,,,,
Tajikistan,0,,,,,,,,,0.0327918578,0.0485995946,0.0512591325,0.055462827,0.0645837772,0.0774799071,0.2986900237,3.7724062067,7.197619518,8.78,10.07,11.55,13.03
Tanzania,0,,,,,,0.0016221545,0.007900283,0.0092441251,0.0751308885,0.1171944401,0.1713003507,0.2224844139,0.6769628565,0.877574971,4.3,5.8,7.2,9,10,11,12
Thailand,0,5.2233428266E-005,0.000343725,0.0135809657,0.0386143207,0.0748253377,0.1154721363,0.3605221849,1.0912189853,2.4262424322,3.6890412794,5.556326121,7.5312503349,9.2990272381,10.6773033237,15.0260043589,17.1607147169,20.03,18.2,20.1,22.4,23.7
Timor-Leste,0,,,,,,,,,,,,0,,,0.1017758984,0.1194028053,0.1429450666,0.1641562502,0.1835519776,0.2066644522,0.8831263394
Togo,0,0,0,0,0,0,0.0109291385,0.2111394648,0.3055839352,0.5903632643,0.8,0.9,1,1.2,1.5,1.8,2,2.2,2.4,2.6,3,3.5
Tokelau,,,,,,,,,,,,,,,,,,,,,,
Tonga,0,,,,,0.12323112,0.1637934565,0.5108661224,0.7651343576,1.0179671197,2.4343980444,2.8253718391,2.9072973163,2.9858173675,3.9523738946,4.9077827619,5.8539440948,7.179865329,8.1107699438,10,16,25
Transnistria,,,,,,,,,,,,,,,,,,,,,,
Trinidad and Tobago,0,,,,,0.1581498992,0.3930805249,1.1731746576,2.7248253387,5.8142509617,7.721411474,15.3846272189,21.9986754804,25.9717641092,27.0242700783,28.9767124327,30.0037485792,32.3,34.8,44.3,48.5,55.2
Tunisia,0,,,,0.0073739096,0.0111644952,0.0275063297,0.0434100035,0.1071541342,1.5866572504,2.7198538241,4.2414748125,5.1735615498,6.4132575026,8.4271569987,9.5425584292,12.8452749507,16.9415744394,27.312575129,33.8268307435,36.5622063683,38.8078874159
Turkey,0,,,0.0084577316,0.0498691815,0.0816912053,0.1927249356,0.4736954321,0.6988051286,2.2921176854,3.7616850351,5.1894814608,11.38,12.33,14.58,15.46,18.24,28.63,34.37,36.4,39.82,42.1
Turkmenistan,0,,,,,,,,,0.0450207703,0.1332821826,0.1752095177,0.3021320162,0.4251826319,0.7540539827,0.9972565585,1.3195731181,1.4063606881,1.75,1.95,3,5
Turks and Caicos Islands,,,,,,,,,,,,,,,,,,,,,,
Tuvalu,0,,,,,,,,,,5.2416395849,,,,,,,10,15,20,25,30
Uganda,0,,,,,0.0028634713,0.0046259481,0.010319341,0.0652894652,0.1055439403,0.1637140631,0.2379450872,0.384093505,0.4648498401,0.7199706799,1.7422055032,2.5293630383,3.6719653507,7.9,9.78,12.5,13.01354333
Ukraine,0,,,0.0007675515,0.0134984233,0.0427573131,0.0980322976,0.1978344698,0.2993717064,0.4028780225,0.7120468524,1.2327647738,1.8672711893,3.1369559473,3.4765095214,3.7353383157,4.4872523454,6.5180041196,10.9365998677,17.7685134181,23.0854568537,30.2545942008
United Arab Emirates,0,,,,,0.1029391746,0.3753935343,3.295592694,6.9083029857,14.9426989907,23.6253008752,26.271754201,28.316485311,29.4779534121,30.1312961695,40,52,61,63,64,68,70
United Kingdom,0.087304793,0.1740632357,0.2603664815,0.5194290373,1.0361228175,1.8944555424,4.1229358015,7.3856290658,13.6701899435,21.2896275527,26.8133757,33.4749597661,56.4934826608,64.8614473597,65.6362164417,69.9749171045,68.754708281,74.9785124953,78.2326888862,77.7997196196,77.7546292755,81.7073377181
United States,0.7964106278,1.1761891025,1.7360455777,2.2794016186,4.8691191816,9.2386742036,16.4193305308,21.6153179962,30.1076044584,35.8821309347,43.1301406869,49.1800068549,58.9575170073,61.9486817822,65.0364425615,68.2678998508,69.2048477392,75.2622629169,74.21781837,71.2118162667,74.2474066363,78.2362191948
Uruguay,0,,,,0.0624743855,0.3101285824,1.8537158844,3.3767902543,7.022250618,10.0287751668,10.5972266879,11.1767483536,11.4776364542,16.0316171236,17.164570518,20.1903161165,29.5151796398,34.1188806182,39.4404475695,41.9556188485,46.5686752961,51.5741462539
USSR,,,,,,,,,,,,,,,,,,,,,,
Uzbekistan,0,,,,,0.0015360983,0.0043076669,0.0105746544,0.0208203886,0.0308874551,0.4868075163,0.5994383441,1.0820779401,1.9067448181,2.5780602194,3.315452107,6.3221261093,7.3890775474,8.9169127786,16.665455319,19.2173640871,28.572794003
Wallis et Futuna,,,,,,,,,,,,,,,,,,,,,,
Vanuatu,0,,,,,,0.0568456357,0.1395058146,0.2741859419,0.5383000484,2.1083368912,2.8305722388,3.5100387107,3.9032958454,4.7466026192,5.0823338077,5.8505850585,6.8,7.2691199234,7.5,8,
Venezuela,0,,0.0120682342,0.0415529571,0.0554527338,0.1221699885,0.2482302177,0.3910141668,1.3846606033,2.8421118341,3.3647525969,4.64455429,4.920831084,7.5181898896,8.4279501242,12.5941478622,15.2797510255,20.9136951719,25.9934745588,32.8565795906,37.5590364185,40.4382729701
West Bank and Gaza,0,,,,,,,,,,1.1832230687,1.9398781655,3.2308508747,4.2357933994,4.4403770195,15.9194119084,18.0940776526,20.6017172924,23.672733187,32.3191708614,43.4392450998,56.8190326845
West Germany,,,,,,,,,,,,,,,,,,,,,,
Western Sahara,,,,,,,,,,,,,,,,,,,,,,
Vietnam,0,,,,,,0.0001384261,0.0040786464,0.0133496302,0.1311050435,0.2579396638,1.2818890355,1.8774332227,3.8229680654,7.7198572922,12.8586248555,17.4124960588,20.9492320936,24.1531271481,26.8204143348,30.9746471982,35.4500831025
Virgin Islands (U.S.),0,,,,0.9313805617,2.7811931525,4.6236687802,6.9193840498,9.2108919054,11.0460515651,13.7988034194,18.3723864642,27.4969565856,27.4225391457,27.3562293697,27.2854390317,27.2424671832,27.232535721,27.2359698459,27.2485606983,,
North Yemen (former),,,,,,,,,,,,,,,,,,,,,,
South Yemen (former),,,,,,,,,,,,,,,,,,,,,,
Yemen,0,,,,,,0.0006210807,0.0150252954,0.0233232425,0.0566286752,0.0825003865,0.0908024587,0.5187960321,0.6047341004,0.8812229887,1.0485979342,1.247824049,5.01,6.89,9.96,12.35,14.905
Yugoslavia,,,,,,,,,,,,,,,,,,,,,,
Zambia,0,,,,0.0067761053,0.008783623,0.009069176,0.0093296579,0.0302261825,0.1470531721,0.1910716425,0.2331295563,0.4777509069,0.9804830394,2.0135495322,2.8517522613,4.1599133939,4.87,5.55,6.31,10.1254493804,11.5
Zimbabwe,0,,,,0.0017392796,0.0076835399,0.0167904839,0.0330803267,0.0816484762,0.1616755276,0.4014335352,0.7998460456,3.9943561346,6.3947864585,6.5640450271,8.0159780888,9.7918415019,10.85,11.4,11.36,11.5,15.7
Åland,,,,,,,,,,,,,,,,,,,,,,
South Sudan,,,,,,,,,,,,,,,,,,,,,,
Christian,,,,,,,,,,,,,,,,,,,,,,
Coastline,,,,,,,,,,,,,,,,,,,,,,
Curaçao,,,,,,,,,,,,,,,,,,,,,,
Sint Maarten (Dutch part),,,,,,,,,,,,,,,,,,,,,,
St. Martin (French part),,,,,,,,,,,,,,,,,,,,,,
Antarctica,,,,,,,,,,,,,,,,,,,,,,
"Virgin Islands, British",,,,,,,,,,,,,,,,,,,,,,
Hawaiian Trade Zone,,,,,,,,,,,,,,,,,,,,,,
U.S. Pacific Islands,,,,,,,,,,,,,,,,,,,,,,
Wake Island,,,,,,,,,,,,,,,,,,,,,,
Bonaire,,,,,,,,,,,,,,,,,,,,,,
Sark,,,,,,,,,,,,,,,,,,,,,,
Chinese Taipei,,,,,,,,,,,,,,,,,,,,,,
Saint Eustatius,,,,,,,,,,,,,,,,,,,,,,
Saba,,,,,,,,,,,,,,,,,,,,,,
