Female 20-39 years (%),1950,1955,1960,1965,1970,1975,1980,1985,1990,1995,2000,2005,2010,2015,2020,2025,2030,2035,2040,2045,2050
Afghanistan,28.0264496439,28.1507656066,28.1519861831,28.107261695,28.1776685393,27.6668746101,27.2361359571,26.8684477511,26.4948794186,26.4523536165,26.4423562696,26.7078642174,27.2830887591,28.0290644868,28.85048442,29.528067103,29.9742236406,30.5662593123,31.3173294321,32.1330902461,32.8743352925
Albania,26.5780730897,26.9005847953,27.409261577,27.61596548,26.8684957427,27.5252525253,28.7151702786,30.7745987439,32.9382407985,31.961414791,29.3583927414,29.3443666454,30.1182327318,31.2575574365,31.3713949382,28.596187175,25.6586483391,23.5091743119,22.4466243508,22.830518346,22.6359338061
Algeria,27.3554104478,27.6582410696,27.4370922647,26.5509103169,24.779390834,24.5687530803,24.7865983781,26.6381507099,28.5053806297,30.2870198486,33.1216091041,35.6501966568,36.6833884392,36.1327607232,33.2356156216,30.1505882353,28.1986569922,27.3257331825,27.7604122666,27.4894002388,26.2811718183
Angola,28.821580691,28.2806409701,27.5254502741,26.6571632217,25.7825104873,25.8148254975,26.002004008,26.3035676589,26.6124561079,26.4738248703,26.7881800608,27.1454005935,28.0166147456,29.057187017,29.7714837464,30.7366151635,31.2269103636,31.8243522399,32.4864572048,32.6941370851,32.7618337682
Argentina,32.984984985,31.9896807481,30.703729079,29.4503912926,28.5904476618,28.3641362456,27.9800743703,27.7509778357,27.3827534039,27.3857280072,28.5349776738,29.2242995389,29.8498817396,30.0110741971,29.0684275838,28.2756555589,27.5912166369,26.8836795012,26.211130917,25.6348434766,24.8160355665
Armenia,27.2471910112,28.2208588957,31.9544984488,29.4792586055,26.9619269619,27.9889426399,29.5340050378,33.2551319648,33.7719298246,30.7374631268,28.773006135,28.0733944954,30.4426925409,31.421744325,29.0704558911,26.0818020154,23.0540701129,21.9556088782,22.8849665247,22.791846819,22.0746363061
Aruba,27.7777777778,28.5714285714,29.1666666667,26.9230769231,31.0344827586,34.4827586207,35.4838709677,36.3636363636,33.3333333333,35.8974358974,32.6086956522,28.8461538462,25,24.5614035088,25,24.5614035088,23.7288135593,23.2142857143,21.0526315789,20.6896551724,21.4285714286
Australia,30.854197349,28.4205895293,26.7558528428,25.7127864264,26.9401330377,28.8240495137,30.8591625884,32.0742799394,31.8128791414,31.1079389481,29.3551392195,28.1594075806,27.2559171598,26.3134735545,25.7923497268,24.9677731228,24.3603659482,23.8470191226,23.6566186107,23.6524822695,23.4886780694
Austria,27.602905569,25.3362022593,25.6846583355,24.3858288079,24.0567232211,25.0688016012,26.6197890507,28.2296650718,29.9224418314,30.4358412467,28.8238141336,27.1330654692,25.4833449802,24.7975942632,24.2298850575,23.0100640439,21.8700114025,20.7886938682,20.5028571429,20.5281285878,20.7255083179
Azerbaijan,27.4804177546,28.0982295831,30.8374384236,27.4186734263,24.4177310293,24.2538593482,26.415691237,31.8141980719,33.5415535035,34.0286504147,33.3413346135,32.026746599,32.5295922841,33.0900750626,31.5641898658,28.9581304771,26.6386394038,25.315739868,25.611349636,25.7578575414,24.5984310796
Bahamas,30.9523809524,29.7872340426,28.5714285714,26.3888888889,28.2352941176,28.4210526316,30.1886792453,32.7731092437,34.1085271318,35.6643356643,34.1935483871,33.3333333333,31.6384180791,30.8510638298,30.6532663317,29.1866028708,27.9069767442,26.4573991031,25.2173913043,24.5762711864,24.2677824268
Bahrain,27.7777777778,27.4193548387,27.397260274,26.8041237113,24.5098039216,26.0162601626,31.0344827586,39.2857142857,39.7058823529,37.6033057851,38.1294964029,37.7419354839,38.4393063584,37.7308707124,35.8353510896,34.5291479821,32.8451882845,30.7086614173,28.8389513109,27.3214285714,26.4604810997
Bangladesh,28.428507751,27.7137176938,27.0798195725,26.6369202034,26.0302966166,26.2889845637,26.6446318669,27.1450454573,28.4005504393,29.9792119587,32.0085789959,33.8952127871,35.0518507584,35.1212928678,34.323583181,32.9389865564,31.1776597431,29.6969116591,28.3328209858,27.0797637709,26.2084002548
Barbados,28.9473684211,25.8333333333,24.6153846154,23.0158730159,22.0472440945,25,29.2307692308,33.5877862595,35.0746268657,35.3383458647,31.7829457364,29.5454545455,27.8195488722,26.5151515152,24.6268656716,23.1343283582,21.8045112782,21.3740458015,20.1550387597,18.8976377953,19.6721311475
Belarus,30.3724265556,30.4398148148,32.5467497774,29.6153846154,26.642111725,25.9428344581,26.2995169082,28.6303166573,28.7103283801,28.3957415565,27.6094276094,28.034351145,29.4679399727,28.7195851615,26.6257668712,23.5851041448,20.8948740226,20.0135074291,20.2996956216,20.3472731719,19.7128941297
Belgium,27.5720164609,26.7258601554,26.9939965695,25.1039068994,25.2136752137,25.774845031,27.3378432153,29.4105973407,29.4569067296,28.6656322731,27.0072992701,25.7706766917,24.6655671614,23.8918918919,23.1860918929,22.5512528474,22.2568902756,21.9738651994,22.0399794977,22.2430224643,22.1599592461
Belize,29.4117647059,25.641025641,25.5319148936,24.0740740741,22.2222222222,22.3880597015,22.8571428571,26.582278481,29.347826087,30.5555555556,30.6451612903,31.2056737589,32.0512820513,32.3699421965,33.6898395722,33.6683417085,32.7102803738,31.25,29.9578059072,29.2181069959,28.0632411067
Benin,26.1187214612,26.4367816092,26.6889074229,27.3215656178,27.2411396803,26.4888337469,25.8855585831,25.4976303318,25.7166257166,26.7385257302,27.0820850809,27.6769741886,28.0386134269,28.4872671988,29.0628115653,29.7881729921,30.8005784146,31.739439962,32.325631613,32.4710080285,32.1153139919
Bhutan,27.5,30.2083333333,30.5555555556,29.9212598425,28.7671232877,28.6549707602,28.2926829268,26.8398268398,26.0223048327,26,27.6978417266,30.1948051948,34.1317365269,36.4640883978,36.1538461538,34.7826086957,32.2580645161,30.3097345133,29.4491525424,28.3950617284,27.1457085828
Bolivia,27.7941176471,27.5611368143,27.6004728132,27.3350923483,27.09798406,27.1937086093,27.7450257922,28.173682466,28.3972643473,28.8027608176,29.043062201,29.4768830041,30.1312649165,31.0097480228,31.7604667124,32.3153982873,32.2911877395,31.5882094149,30.7485875706,29.5971499041,28.3861478807
Bosnia and Herzegovina,28.4989122553,30.5866842452,33.0461538462,31.098265896,29.5929592959,30.3937007874,31.6213494461,34.1463414634,33.1651376147,32.7304550758,30.6485355649,29.5824847251,29.2670425423,27.5968992248,26.1393399686,23.5859124867,20.6896551724,19.7740112994,18.7903699354,18.6772810778,18.5447520927
Botswana,26.7605633803,27.9166666667,27.5735294118,25.9615384615,25,25.890736342,26.746506986,27.241962775,28.488372093,29.5019157088,30.8400460299,32.0693391116,34.2799188641,35.6596558317,35.7923497268,34.5517841601,33.9765100671,33.8211382114,33.8595106551,33.6906584992,32.7394209354
Brazil,28.7962350173,28.0116570053,27.7334649015,26.907602007,27.0605367173,28.397887974,29.7280887445,31.5401384032,32.4342996838,32.8017553107,33.0430833854,33.0788156444,32.9691704544,32.3689564965,31.5647203477,30.3630151417,28.8203789549,27.2465289205,25.2455943339,23.1025376048,21.701236343
Brunei,30.4347826087,29.0322580645,27.5,25,25.3968253968,28.2051282051,32.2222222222,34.5794392523,38.8429752066,39.5683453237,39.6226415094,40.1129943503,38.578680203,38.9671361502,37.5,35.7142857143,34.5724907063,32.1678321678,30.3630363036,29.5238095238,29.003021148
Bulgaria,31.5687896333,31.5159574468,32.2335025381,29.9390986602,29.0390956194,28.1822344322,28.0188891387,27.9405237461,26.7278013867,26.3602251407,26.838772528,27.2407732865,27.2140459592,25.4584108424,22.5487503433,20.3650884199,18.8802858845,18.8726253504,19.6219035202,19.8428961749,19.2183578343
Burkina Faso,30.4482225657,29.8003802281,29.0798611111,28.4581847008,27.4615109202,26.7032612205,26.2110726644,26.0358056266,26.6562220233,27.3010920437,27.7674182065,28.4430269643,27.9754601227,27.8281019591,27.9677330644,28.5506543868,30.5072567898,32.0388974755,33.0517854022,33.5498296422,33.0205826006
Burundi,29.2511700468,27.9485346676,26.9155206287,26.2589928058,25.8913878223,25.5862428348,27.1115258983,28.9065606362,28.9735667697,26.9595448799,25.202520252,28.5033112583,32.7419354839,34.0790298976,33.8106147384,32.5035310734,31.5606936416,31.7277812306,32.1800322533,32.1805555556,31.3699536731
Cambodia,28.5517241379,28.5537190083,28.3768862716,28.1942633638,27.8707443739,28.3135927806,30.3975704031,29.6918767507,29.3341213554,28.0969327233,26.7254484646,29.5374666104,32.1744791667,35.0228750301,36.3595756561,33.765419193,31.6595828803,29.9915198342,29.6409886343,29.7988555575,29.2151771505
Cameroon,28.8976723759,28.6401925391,28.3114992722,27.7977161501,27.1019936435,26.5739570164,26.0375709917,25.7936507937,25.950601235,26.5788728406,27.6528946377,28.7378205846,29.8627116946,30.9631369714,31.3930512103,31.9118315407,32.66965788,33.1636980492,33.4167633234,33.0267318195,32.1870401657
Canada,31.3386524823,29.6764212969,27.6802898223,26.0580658352,27.5335492827,30.3260963584,33.1897952551,34.9266118497,33.8225818,31.4320470366,29.0305924874,27.1813109326,26.6705641625,26.5642520745,25.6958277254,24.3480064292,23.1513510804,22.188671894,22.1308748753,22.5044190157,22.8060572888
Cape Verde,29.1139240506,27.9569892473,26.9230769231,23.1404958678,21.0144927536,21.4765100671,21.4285714286,24.5614035088,26.455026455,26.4423076923,27.2727272727,29.2,31.0861423221,32.9824561404,33.4437086093,32.7044025157,30.421686747,28.488372093,27.4787535411,26.4623955432,25.5494505495
Central African Rep.,28.6775631501,28.7729196051,28.7024901704,28.2479141836,27.4193548387,26.4132553606,26.2564991334,26.8567141785,26.7605633803,27.679623086,27.9874213836,28.1205164993,29.2629742695,30.4956035172,31.7442719882,32.6804123711,33.0868167203,33.3232445521,33.1900257954,32.8061085356,32.4035453597
Chad,29.1396103896,28.3296541575,27.4717982747,26.5913146936,25.8547008547,26.0312944523,26.1111111111,26.0393046107,26.1658031088,26.007224229,26.244984659,26.5755053508,27.1863117871,27.8907435508,28.6115569823,29.5151586646,30.402853546,31.3318880196,32.1709401709,32.75,33.0002156877
Channel Islands,28.8461538462,28.5714285714,27.1186440678,25.8064516129,26.5625,27.2727272727,28.7878787879,30.985915493,33.7837837838,32.8767123288,31.0810810811,28.5714285714,25,23.0769230769,21.7948717949,22.0779220779,22.3684210526,21.0526315789,20.2702702703,20,21.3333333333
Chile,28.9250814332,28.2284040996,26.9011898603,26.5767824497,26.8508970922,28.0060594584,30.7271443699,32.9584352078,33.5930476476,33.2646897309,31.5066735113,30.0060716454,29.7010273577,29.6790559171,29.3026706231,27.8881605899,26.0800318535,24.4494250633,23.7066897015,23.4651206995,23.1598864711
China,29.4985239472,28.3065991885,26.9952316313,25.6760742873,25.2372260477,27.2186059127,29.0689873458,32.1900977061,35.02695898,35.7320748202,35.0416004426,33.574109516,32.1897301414,29.8863639749,28.679952773,26.751947243,23.8528339166,22.7604858808,22.583508745,22.6251490552,22.3637210521
Colombia,27.8745644599,26.5197349467,25.3484320557,24.4418205238,25.0140056022,27.0423003407,29.2592592593,31.6515282106,33.1858671609,32.9988065531,32.871749057,32.2846544855,31.4918771796,31.306252489,30.6171540254,29.7784131523,28.9637696048,28.0232865838,27.2367149758,26.5170171118,25.7110848323
Comoros,30.3797468354,29.8850574713,27.8350515464,26.1682242991,24.3697478992,24.4444444444,25.6097560976,25.9067357513,27.2727272727,29.0983606557,29.963898917,32.4590163934,32.5581395349,32.1052631579,31.4285714286,30.5309734513,31.4168377823,32.1153846154,31.8918918919,31.228668942,29.756097561
"Congo, Dem. Rep.",27.6714021001,27.9787679844,28.0721393035,28.0572372042,27.8059031426,27.2840635132,26.7756807376,26.2216104611,25.761286201,25.4110612855,25.4979769686,25.9387153011,26.9695109474,28.1961246668,29.5026272876,30.8275848118,31.7804664084,32.6302087679,33.3010291199,33.5655532508,33.5691370122
"Congo, Rep.",28.7104622871,28.5398230088,27.9843444227,27.2260273973,26.4487369985,25.8642765685,25.6297918949,25.9398496241,26.8729641694,27.5466284075,27.7559055118,29.2056074766,30.3191489362,32.0549242424,32.7373350362,33.0192383196,33.0043859649,32.740335272,32.6668816511,32.2225619077,31.5052508751
Costa Rica,27.0613107822,25.8122743682,24.2748091603,23.6808236808,24.2491657397,26.9040553907,29.8093587522,32.5528700906,33.355393779,32.6112412178,32.2463768116,32.1747299202,32.8227571116,33.2378223496,32.3938223938,30.7326007326,28.3111422565,26.7543859649,25.6057629339,24.7284345048,24.2700156986
Cote d'Ivoire,28.5829959514,28.8811188811,28.5629804849,28.1477880408,27.100591716,26.3405456256,25.792864222,25.7222554294,26.1335531739,27.1216945867,28.2510140778,28.504573495,29.3790109475,30.5250816515,31.2664017395,32.0702277657,32.6288468669,32.8732890328,32.7986958351,32.2996908886,31.6274781005
Croatia,29.4642857143,30.0722891566,31.5340909091,29.3488372093,28.4918793503,28.5065819337,28.3562250775,28.8811795317,28.2897556794,27.1712158809,26.3698630137,26.1832392531,25.7880910683,25.1881363435,23.9461883408,22.1867881549,21.0770659239,20.5310573732,20.1648085313,20.4669647293,20.3977562468
Cuba,30.5623471883,29.6319597358,29.753722795,28.4323770492,27.2875816993,27.6440240757,28.3597448035,32.5678913738,34.8974164134,36.2665684831,33.4176300578,31.2836141986,28.1546447109,25.4866940525,24.9821173104,24.529316837,22.433460076,20.8770960015,19.814709775,19.0857589373,18.874847126
Cyprus,29.6,29.3680297398,27.3356401384,27.4247491639,27.0358306189,30.5194805195,32.3529411765,31.6923076923,30.2052785924,29.0760869565,29.3233082707,29.6037296037,29.4900221729,29.6842105263,28.370221328,26.3565891473,24.4402985075,22.9241877256,22.5352112676,22.9452054795,22.9865771812
Czech Rep.,28.4873583261,26.12065354,26.4699898271,25.5097960816,26.7998417722,28.1243963686,28.7681569515,28.3506126296,26.7018668678,26.8049010368,28.565987431,29.0007656968,29.2162417375,27.2062956717,23.606190565,21.731020332,20.8059981256,20.7522207522,21.7482384308,22.1584385763,21.5192307692
Denmark,28.7836583101,26.9557443004,25.6932409012,25.813177648,27.1152296535,28.0516431925,28.7972243639,29.1987673344,28.7576687117,28.7226001512,27.8724981468,25.6663015699,23.8508867173,23.1821454284,23.274937433,23.9246356203,23.9660657476,23.117709438,22.4388514711,22.3332144131,22.4775583483
Djibouti,29.0322580645,28.5714285714,27.9069767442,27.5862068966,28.3950617284,28.3185840708,27.485380117,27.8606965174,28.0575539568,28.7539936102,29.7002724796,30.6930693069,31.9727891156,33.6134453782,33.9805825243,33.5135135135,32.7731092437,31.7535545024,31.2406576981,30.9557774608,30.5706521739
Dominican Rep.,26.5546218487,26.9784172662,26.6261398176,26.0422027792,25.6852343059,26.2244504435,27.8823126924,29.7256097561,31.3150684932,32,31.9032405294,31.5256383203,31.270870163,31.1808118081,30.9036881664,30.436957972,29.8445263664,29.0592983545,28.3487210534,27.4375743163,26.4628050573
Ecuador,26.6978922717,26.0847107438,25.8675078864,25.5261106781,25.4117647059,26.4765784114,27.5252525253,28.9153965098,30.4067266328,31.2720225511,31.3325721742,31.0254835738,30.7211398662,30.8114035088,31,30.7358233031,29.903306673,28.8061082832,27.4946321618,26.3807089677,25.4919204133
Egypt,29.6385319405,28.6018162481,27.0713463751,25.4996510374,25.9997746987,26.4405063291,26.9463238611,27.839263755,27.8718216649,28.4051479402,29.6417499139,31.2584785558,33.1571302712,33.1611773717,32.4022687077,31.2676378613,29.9254295904,29.874041621,29.5119795758,28.7088431941,27.636536282
El Salvador,27.8923766816,27.7732793522,26.975088968,25.97799511,25.5591054313,26.0158804297,26.4668636556,26.7578125,27.9605263158,29.475465313,29.8285344549,30.1038062284,30.7598413183,32.0271066588,33.0878186969,32.2563127885,30.7491516575,28.687073109,26.8081955073,26.4470816178,25.9135419155
Equatorial Guinea,29.5652173913,28.5714285714,28.4615384615,27.7372262774,27.7027027027,18.8524590164,17.5438596491,32.5,35.0515463918,32.9004329004,28.2527881041,25.5737704918,26,27.3417721519,29.2517006803,30,30.223880597,31.0463121784,32.1202531646,32.5478645066,32.6446280992
Eritrea,27.0363951473,27.6729559748,27.8940027894,28.0637254902,27.9269602578,27.2983114447,26.7942583732,25.6123163051,25,23.3679072605,27.5695931478,32.0473476545,33.4338484734,32.7523840842,30.9664113141,31.0123192287,32.1051338737,33.1673081277,33.5428451708,32.7009583415,31.2085482682
Estonia,27.5039745628,27.8287461774,30.6451612903,29.3871866295,27.7401894452,27.1428571429,26.9620253165,27.5735294118,27.3381294964,26.1658031088,25.5434782609,26.0330578512,27.1844660194,25.8333333333,23.4965034965,21.4488636364,19.7976878613,20.8271787297,22.5903614458,23.6641221374,22.8260869565
Ethiopia,27.4613069647,27.6741232783,27.8857142857,27.8608127043,27.8070836473,27.4840419126,27.1800044833,27.1619857882,26.9988079089,26.8126045733,26.668284397,26.9003355883,27.8389393797,29.3306842171,30.6939830196,31.7090618709,32.5407649876,32.970802309,33.2146694456,33.2533246051,32.847668465
Fiji,27.5362318841,26.6666666667,26.1780104712,26.9911504425,28.515625,30.5263157895,31.6293929712,32.7635327635,32.5779036827,31.8302387268,30.3797468354,30.0733496333,29.9287410926,30.9302325581,31.4220183486,30.7174887892,30.5494505495,29.7826086957,28.2894736842,27.0925110132,26.5033407572
Finland,29.4314381271,27.5862068966,26.6986062718,25.9635747565,27.5210084034,29.7741273101,30.5758313058,31.1040759794,28.9330218069,26.641221374,25.2643504532,24.2242990654,23.5229357798,23.8886881099,23.299928418,22.4511545293,22.0530973451,21.58808933,21.8026362665,22.1464465183,22.210184182
France,26.0335144094,25.4756070394,26.442205501,24.5246844544,25.3549851849,26.3056236535,27.9803062665,29.8856237903,29.2876712329,28.612125884,27.133795642,25.9436368273,24.585068689,23.2167917506,22.7488721805,22.5031229552,22.4042427814,22.3959551087,22.2971402,21.8512502176,21.490004649
French Guiana,33.3333333333,28.5714285714,25,21.0526315789,27.2727272727,29.6296296296,33.3333333333,34.8837209302,34.5454545455,32.8358208955,31.25,30.6930693069,30.4347826087,29.7709923664,30.3448275862,31.0975609756,30.8988764045,30.2564102564,29.1262135922,28.7671232877,28.4482758621
French Polynesia,31.0344827586,28.125,25.641025641,26.0869565217,26.9230769231,27.4193548387,29.1666666667,31.7073170732,32.2580645161,33.9805825243,32.4561403509,32.2580645161,31.8181818182,30.7692307692,31.9727891156,30.1282051282,27.950310559,27.380952381,26.1627906977,25.8620689655,25.5681818182
Gabon,29.0456431535,28.6885245902,28.2258064516,27.626459144,26.8382352941,27.1241830065,27.3775216138,28,28.051391863,28.021978022,28.5714285714,29.8398835517,31.1170212766,32.5183374083,33.4085778781,33.4033613445,32.9064039409,31.9962686567,31.4108251996,30.9584393554,30.5805396566
Gambia,28.8888888889,29.5774647887,30.487804878,31.2169312169,30.7339449541,29.8850574713,27.652733119,26.8096514745,26.9315673289,27.8181818182,28.2012195122,28.4224250326,28.1179138322,28.7712287712,29.8214285714,31.0096153846,32.0057929037,32.582781457,32.6642335766,32.412626832,32.0168509742
Georgia,29.3684210526,29.2576419214,32.1492805755,30.6336550567,27.6442307692,27.1993853246,26.5973254086,29.2726621283,29.9581005587,29.0492296129,28.28,27.7282377919,27.760393384,27.9778393352,25.971563981,23.9902676399,21.7717717718,19.9069286453,20.5692803437,21.061452514,20.4093567251
Germany,27.7309329501,25.6846956614,27.4743895864,26.2406407801,25.2485812679,26.2278432036,25.9724117762,27.6171019273,29.7042945382,29.1215345708,27.3631840796,25.1430878476,23.3840486101,22.8292399923,22.3853211009,21.3821178573,20.0045453398,19.2322555713,18.8491331612,18.810597672,19.035469647
Ghana,27.5974025974,27.8184991274,27.751338489,27.4434156379,27.2643253235,26.534733441,26.336996337,26.7008387698,27.4017024726,28.544600939,29.5258844278,30.2433157554,30.9,31.3676758548,31.4879604857,31.4454722799,31.4516597872,31.4930855661,31.4666263054,31.2665782493,30.7916051372
Greece,31.0647073988,31.7880794702,32.3715693174,31.2315046665,27.1615914648,26.2348353553,26.2118126273,26.912405866,28.080729672,29.155868197,29.6852387844,28.990694345,26.9162526615,24.7313722036,22.5193525686,21.0433556574,20.7470348734,20.6515933772,20.5160365526,20.2597871189,19.8505286183
Grenada,23.2558139535,22.2222222222,24.4897959184,19.6078431373,19.1489361702,23.4042553191,23.9130434783,29.4117647059,26.5306122449,28,29.4117647059,27.4509803922,35.2941176471,33.9622641509,32.7272727273,30.9090909091,25.9259259259,26.4150943396,26.9230769231,25,25
Guadeloupe,28.4403669725,28.3333333333,25.7142857143,24.025974026,24.3902439024,23.0769230769,27.7108433735,30,33.8461538462,32.8502415459,31.6742081448,27.5423728814,25.4098360656,24.3027888446,24.609375,24.21875,22.6053639847,21.8390804598,21.9230769231,20.4633204633,20
Guam,36.8421052632,31.8181818182,28.5714285714,31.25,31.5789473684,31.8181818182,34.693877551,36.8421052632,35.4838709677,33.3333333333,32,29.2682926829,28.7356321839,28.7234042553,28.7128712871,28.9719626168,29.0909090909,27.8260869565,27.1186440678,26.6666666667,26.2295081967
Guatemala,27.5353016688,27.8523489933,27.7533039648,27.1599657827,27.082555099,27.0058708415,26.3916931064,26.2153219649,25.9787282191,26.4612326044,27.4636793278,28.5297280688,29.3758480326,30.348977136,31.1514365954,31.8748160502,32.4889569999,32.6605811909,32.5161087537,31.9264552628,31.0241820768
Guinea,28.4082254379,27.7739009072,27.2785213512,27.440785673,27.3010920437,27.457795432,27.4305555556,26.9495412844,26.7300754346,26.69365722,26.9138180067,27.3603504929,27.9843444227,28.6909028845,29.3843843844,30.1854074963,31.0869044769,31.8639662082,32.374740587,32.4304671878,32.0158435867
Guinea-Bissau,30.1886792453,27.972027972,27.0627062706,27.3927392739,28.1967213115,28.9772727273,28.672985782,28.0172413793,26.6019417476,27.6271186441,28.2674772036,27.897574124,28.4855769231,27.5160599572,28.103946102,29.1522491349,30.2270947533,31.1206281228,31.7200784827,32.08910295,32.0491345617
Guyana,27.5229357798,26.1044176707,24.1379310345,24.1486068111,23.2492997199,26.0053619303,28.4987277354,30.8673469388,33.2467532468,34.793814433,35.3092783505,31.6353887399,28.9972899729,28.4552845528,29.2349726776,29.9719887955,29.3103448276,27.7286135693,25.0773993808,23.6666666667,22.9390681004
Haiti,29.5578437311,28.8182831661,28.2741116751,27.8673422386,27.4132887589,27.7777777778,27.9238754325,27.8000617093,28.0833333333,27.8531925591,28.4963436929,30.26868178,31.8455268775,33.213061519,33.8116137745,33.0637488107,32.3679471789,31.6390633923,30.9071008346,30.2371541502,29.4155181215
Honduras,27.2604588394,26.9953051643,26.6868076536,25.7705479452,24.4394618834,24.7896440129,25.8296460177,26.944971537,28.0507780508,28.3614198638,29.0250160359,30.2547770701,31.6535433071,33.0866555264,33.6256028058,33.312983313,32.6967150497,31.7762085823,30.8971250433,29.9383230538,28.6868034243
"Hong Kong, China",37.9812695109,34.5169281585,29.0106951872,23.6683141131,24.36757873,26.7008387698,32.1310116086,37.3863636364,38.4117858426,38.0038387716,35.7225769008,32.1547884187,29.5997851195,27.6938827745,25.3921568627,22.180273714,20.1784488675,18.655049151,18.2097411145,19.1641403205,19.5100988397
Hungary,30.2124149309,28.3464566929,28.9529707761,27.9694947569,27.5065715359,28.5925106069,28.4601449275,27.6082587246,26.7681455355,25.9176863181,26.7563527653,27.6077097506,27.6717557252,26.6152362584,24.0234375,22.5787284611,21.6254274794,21.0084033613,21.15264147,21.343537415,21.1276733636
Iceland,29.1666666667,28.2051282051,26.4367816092,25.2631578947,25.7425742574,27.358490566,29.7297297297,31.6666666667,32.2580645161,31.2977099237,30.2158273381,28.1879194631,28.3018867925,28.7425149701,26.7045454545,25.6830601093,25,23.9583333333,24.3523316062,24.2268041237,23.4693877551
India,30.1037191192,29.4569790263,28.920340798,28.0823155992,27.5385702464,28.2450443136,28.8197904968,29.6223300136,30.2980912021,30.2898734122,30.6799759413,31.2325402354,31.896278688,32.5052905539,32.573720281,32.3259060526,31.7123149497,30.8235016707,29.8009527428,28.5655262219,27.2365504354
Indonesia,28.1738683128,29.1342504744,29.9053411573,29.8311985098,28.5543199316,27.7333861966,27.9920667487,29.0669959864,31.0048701115,32.7656369323,33.786536456,34.1668413904,33.632733674,32.5787160341,31.2887766387,30.0513782849,28.9420060398,27.7798398264,26.4725842901,25.131067257,24.1537933402
Iran,26.9572526417,26.3068242308,25.6001500375,25.1780889216,25.7602608634,25.8034838077,26.6968561316,27.8701739499,27.6731845606,29.226089232,32.9741904066,36.8463510905,40.1960784314,40.2200832333,36.1873912203,30.6661721756,26.8302521008,25.5714316783,26.1468667854,25.5012896248,24.0543601359
Iraq,29.6684118674,26.6606280193,25.4433100484,24.7067104646,23.3100697906,25.310005096,25.5381035486,25.9750094661,27.0831009481,27.5759608933,29.0974552001,29.9104263705,29.7017611518,30.7244903721,31.9717599597,32.7536100263,32.8327871573,32.3109870358,31.3283029613,30.6132674193,29.9845196348
Ireland,26.7489711934,24.8271092669,22.4113475177,22.0433869839,22.9095853161,24.1813602015,26.3905325444,28.2633371169,27.7019340159,29.0588882774,30.5439330544,32.076372315,31.629532547,29.0110791957,26.0717069369,24.4585511576,24.2990654206,24.7916666667,24.7986577181,23.9752765127,22.7128335451
Israel,33.8259441708,28.8863109049,27.4566473988,25.3943217666,26.5646731572,28.2219570406,29.4211364843,29.8151750973,29.188712522,28.6081527727,28.5807080221,28.4191829485,28.1198910082,27.3143438454,27.1373679155,27.3888255416,27.6595744681,27.680798005,27.08,26.2056943637,25.3773584906
Italy,30.0991679973,29.3458926261,30.2713087117,28.2674313311,27.3873742528,26.4573200818,26.2492246192,27.7688603531,28.6181075562,29.4225170943,28.8295312023,26.9628304512,24.356480581,21.8578882948,20.1844361754,19.7612991587,19.9499934202,19.8731992299,19.6360345868,19.097163385,18.546529616
Jamaica,31.3888888889,29.5081967213,27.1546635183,23.8562091503,21.3987473904,21.0116731518,25.8780036969,28.6701208981,31.1720698254,32.88,32.1812596006,30.543318649,29.2682926829,29.4655414909,30.2904564315,29.849726776,28.9598912305,27.2229822161,25.8823529412,25.4057868737,24.7819767442
Japan,30.1009526518,31.1176847171,32.2494253601,33.1810622909,34.4413318543,33.0493376374,30.9595227663,28.9617930743,26.5276206561,26.698672338,26.7696585818,26.0359835714,24.424528881,21.7565394843,20.2114642487,19.2491948793,18.7056985445,18.2359023034,17.5626863055,16.9448337368,16.6209233215
Jordan,24.5614035088,25.8566978193,27.3148148148,27.4253731343,27.3189326557,26.2433862434,23.0410447761,24.8259860789,24.9839434811,30.491962981,31.796841656,33.2593414724,34.8335974643,33.8044758539,33.2789559543,32.1986888553,32.057642334,31.7694369973,30.8641975309,29.7346938776,28.1095998423
Kazakhstan,30.2802658191,27.784489007,31.0883828638,28.8006482982,26.387049301,27.8256115894,28.1613653995,31.3089261663,31.4604105572,30.7533414338,30.6269270298,30.7575948569,32.0256689672,31.556802244,29.3609279054,27.5203751256,26.482256998,26.4689850649,27.4778665515,27.3371256842,25.5449371846
Kenya,26.452041155,26.3324690291,25.3465346535,23.6742424242,23.1819794253,23.4850724209,24.3292907019,25.5070993915,26.4075523048,27.8458082748,28.689148073,29.5511569557,30.5158574785,30.6992192555,30.5947153532,30.8986415883,31.8477605307,32.9859999418,33.5833333333,33.4534624722,32.7253092941
"Korea, Dem. Rep.",32.2043519395,35.9721954045,37.8252627951,37.7089783282,34.9038721906,29.7836335066,29.2641573415,28.5505430242,31.0328044388,34.1137123746,31.849050116,31.5013404826,29.3681522366,28.5609934259,29.5745361484,28.3255703797,26.850473878,24.886701047,23.9304184297,24.0028433773,24.1820654348
"Korea, Rep.",28.0854594482,28.6858974359,29.259318509,28.0464490547,27.7731708873,28.5871389709,31.3836612489,34.0937145114,36.3911807206,37.1068335801,34.7704847705,32.5891369543,29.4833571574,27.2108569588,25.6744334759,23.1410563268,21.5716919131,19.4103094456,17.7142384243,17.4810589938,17.5738861932
Kuwait,29.0322580645,30.7692307692,31.4285714286,30.6010928962,30.7692307692,30.2631578947,31.452991453,34.7651006711,35.2432432432,40.4657933042,40.7322654462,42.0316868593,40.25869038,36.9064748201,33.9401820546,32.2195704057,31.7153888582,31.25,30.297219559,29.1139240506,27.8350515464
Kyrgyzstan,29.4505494505,28.8711288711,30,26.3548626578,23.430420712,23.4192037471,25.227151256,29.3120155039,29.9152920196,30.3602058319,30.5455993628,31.080060423,32.9537366548,33.400605449,32.8630971465,31.1358712473,29.8071127185,28.9970501475,28.4885407601,27.9896759392,26.2313860252
Laos,30.650887574,29.0020790021,27.6851851852,27.0850536746,27.2193690389,27.9220779221,25.7213014119,26.4882577826,27.4369947694,28.2509347736,28.3228433913,29.3360433604,30.9959664908,32.659453303,34.0926944226,33.4303030303,32.3589394969,31.2099187687,30.1909792767,30.1901435778,29.7201492537
Latvia,27.9238440617,28.1665190434,30.9243697479,30.1612903226,28.181108509,27.2795779955,27.0110701107,27.2074659009,27.1899088998,26.304023845,25.7788161994,26.0904684976,27.671913836,26.9720101781,24.6956521739,22.1326164875,19.4112235511,19.3548387097,20.8984375,21.8218218218,21.3552361396
Lebanon,27.4755927476,27.397260274,27.6709401709,26.1510128913,25.5775577558,26.3776634827,27.5837491091,29.9116247451,32.1100917431,32.7693175409,32.4155844156,33.2533589251,33.0567081604,32.5663716814,31.781290047,29.6280991736,27.6209677419,25.9024196747,24.431372549,24.22941865,24.171539961
Lesotho,27.2493573265,26.9047619048,26.5934065934,26.6401590457,26.8468468468,27.140549273,27.4031563845,27.6299112801,26.7441860465,26.4929424539,27.435387674,28.611898017,30.9372156506,33.1282952548,34.4768439108,34.6767422334,34.7611202636,34.9309504468,34.7477982386,34.4718030183,33.9607843137
Liberia,28.5371702638,28.4164859002,27.4253731343,26.4,25.6551724138,25.4830917874,26.4189886481,27.4265360641,28.0765724704,27.7721261445,27.6998597475,27.7976190476,28.1628696074,29.2182827851,30.0683371298,30.8242506812,31.5432098765,32.1398364815,32.3628801664,32.279092226,31.8500112943
Libya,28.1124497992,28.3121597096,28.1582952816,27.4711168164,26.6596417281,26.6609145815,25.6482130343,24.3902439024,27.2065955383,31.2907431551,35.1425224522,38.2105263158,37.3106060606,34.4073647871,31.76,29.4752698971,29.6030607365,30.32936871,29.9430074529,28.2218941152,25.8288988948
Lithuania,28.0539772727,29.11126662,32.0905459387,30.7498424701,28.6486486486,27.3195876289,27.4086378738,28.4266666667,28.5641025641,28.5192909281,27.2824919441,26.5899122807,26.1422787739,25.8703481393,25.2625077208,23.3502538071,20.8741030659,19.6104768301,19.8198198198,20.7439198856,21.0954848261
Luxembourg,30.4054054054,28.9473684211,28.3018867925,26.3473053892,26.1627906977,28.3333333333,28.3422459893,30.3664921466,31.4432989691,30.7692307692,29.1479820628,28.085106383,26.7206477733,26.7175572519,26.4492753623,26.2068965517,25.7328990228,24.7678018576,24.0356083086,24.2857142857,24.3169398907
"Macao, China",35.2272727273,31.0344827586,25,20.9523809524,22.5806451613,28,35.2459016393,40.522875817,43.4554973822,40.4761904762,35.2173913043,34.5098039216,34.6153846154,31.7725752508,28.4789644013,24.7648902821,20.4892966361,18.2370820669,17.6291793313,18.6544342508,18.6335403727
"Macedonia, FYR",27.2430668842,29.3768545994,30.9593023256,30.2452316076,30.2325581395,30.8805790109,31.7155756208,31.7582417582,31.7226890756,30.2752293578,30.0198807157,30.0589390963,29.9220272904,29.6585365854,28.0975609756,26.0528893242,23.7623762376,22.0883534137,21.1498973306,21.0471204188,20.9677419355
Madagascar,25.8324924319,26.2730959892,26.752102523,26.183745583,25.3643410853,25.4310344828,25.813245963,26.9459848018,27.7442273535,28.0079195857,28.1927396187,27.8054298643,28.3737024221,29.3446051944,30.518725285,31.8454038997,32.4409647683,32.5303292894,32.2812816548,31.9343156224,31.4665798409
Malawi,27.2117962466,27.4939172749,27.2379912664,27.2639225182,27.2068230277,26.5836689857,26.4898595944,26.1943102523,28.1373569199,27.8784336645,27.7917294492,26.7654751526,26.6607505071,28.1139184397,29.5297439392,30.8064655545,32.0065176909,32.7439239169,33.2580207863,33.5836462244,33.6083730203
Malaysia,27.781523938,27.1058000583,26.5984015984,25.4910333049,25.8328680439,27.8489326765,29.9970734562,31.6628116166,32.383942588,32.3430714568,32.2724490688,32.0748730964,32.1693583588,32.3185960175,32.0624683864,31.2485037108,30.3505060324,29.2772739764,28.3034907816,27.1035765971,25.8573596358
Maldives,29.7297297297,26.8292682927,26.0869565217,26.5306122449,25,24.6153846154,26.3157894737,27.2727272727,26.6666666667,28.9256198347,31.1111111111,35.4166666667,38.2165605096,40.119760479,38.8888888889,34.1968911917,30.3482587065,27.0142180095,26.1467889908,26.1061946903,25.7641921397
Mali,28.3998077847,28.1926646045,27.9790660225,28.0264123258,27.8298727395,27.5472849298,27.5034867503,27.150469424,27.2101033295,27.5668948351,27.6140416745,28.6381842457,29.1456541086,29.536755972,29.9408983452,30.4032430126,31.2718446602,32.1720583007,32.8645024123,33.0280784076,32.5510923185
Malta,27.2151898734,24.6913580247,25.7668711656,26.9938650307,29.746835443,32.2784810127,34.3373493976,32,29.1208791209,27.2251308901,26.1538461538,27.5862068966,28.640776699,28.9855072464,27.0142180095,24.5283018868,22.4299065421,20.5607476636,20.2830188679,20.4761904762,20.6730769231
Martinique,29.5652173913,26.7716535433,26.5306122449,23.8993710692,24.8520710059,22.3529411765,27.9761904762,30.2857142857,32.7956989247,32.1243523316,29.702970297,26.4423076923,24.2990654206,22.9357798165,23.2876712329,22.9357798165,22.1719457014,20.7373271889,19.8156682028,19.3396226415,19.4174757282
Mauritania,29.3051359517,29.5212765957,28.8372093023,28.4569138277,28,26.8882175227,26.938239159,27.0952927669,27.3003033367,28.2165039929,29.3706293706,30.4406779661,31.01991551,31.1751904244,31.364764268,31.81195801,32.3890063425,32.6763894363,32.4464153732,31.7388268156,30.871590153
Mauritius,27.2357723577,27.1777003484,26.8882175227,26.7904509284,27.7777777778,29.8672566372,31.9755600815,33.2681017613,34.4106463878,34.4522968198,34.1625207297,33.0158730159,30.8755760369,29.7935103245,28.591954023,27.6923076923,26.6574585635,25.0340136054,24.2876526459,23.7449118046,23.8805970149
Mayotte,0,16.6666666667,25,33.3333333333,25,23.8095238095,23.0769230769,23.5294117647,27.2727272727,29.5081967213,29.7297297297,29.8850574713,31,33.6283185841,35.7142857143,35,33.9869281046,32.3170731707,31.0344827586,29.5698924731,28.7179487179
Mexico,28.249802825,27.5555555556,26.3971400032,25.315375982,24.3541442411,24.7399187556,26.302075794,27.6758089045,29.8466294139,31.9712006227,33.4056442304,33.5469965327,32.8070487718,31.5739257846,30.430708532,29.6682645602,28.619732291,26.9581222714,25.197418889,23.6458817706,22.5228894218
"Micronesia, Fed. Sts.",26.6666666667,27.7777777778,25,24,25,22.5806451613,25,28.5714285714,28.2608695652,27.4509803922,29.6296296296,29.6296296296,29.0909090909,33.3333333333,33.9285714286,34.4262295082,32.2580645161,32.2580645161,31.746031746,30.5084745763,29.5081967213
Moldova,31.6253002402,30.5,32.2277847309,29.8532731377,27.7574490329,28.6977886978,29.2671394799,30.7588075881,30.2274715661,28.9682539683,27.4299065421,27.3604060914,30.2077783697,31.150247661,29.5774647887,26.1698440208,22.4672228844,20.866873065,21.6580976864,22.5050234427,21.568627451
Mongolia,27.9069767442,27.5462962963,27.6859504132,27.6867030965,27.5752773376,27.7624309392,27.9855247286,28.5263157895,29.9191374663,32.5110132159,34.4941956882,35.7698289269,37.9941434846,37.5259156876,35.1973684211,31.9041614124,28.2661782662,26.5634306135,26.2573099415,26.4553314121,25.6571428571
Montenegro,25.4807692308,28.2511210762,29.4605809129,29.5019157088,28.679245283,29.4964028777,29.6551724138,31.1418685121,29.3918918919,30,29.9382716049,28.3018867925,28.9308176101,28.3018867925,27.1875,25.8566978193,23.9130434783,23.5109717868,23.0283911672,22.8571428571,22.7564102564
Morocco,27.4921770228,27.4432379072,27.377472055,27.656062425,25.8837391987,25,27.2188139059,29.0990587181,30.3907380608,31.5626383355,32.2647079014,33.7336949503,34.5647558386,34.0666247643,32.6370474593,30.248540278,28.5927547771,27.7093893314,27.3057165748,26.9093768793,25.9294783959
Mozambique,28.6885245902,28.6395511921,28.3631713555,28.0304779497,27.6212184003,27.2559512825,27.571751048,26.8599882835,25.1909476662,28.8233177402,29.5823665893,28.806469604,28.0859570215,28.0616873299,29.2470441817,31.3446126447,32.8592418454,33.7542363616,34.1286094614,33.8880849011,33.5845092935
Myanmar,32.0999074931,30.521247645,28.1349877797,25.8822538533,24.4829136691,25.6768385517,27.4634606318,29.3356569497,31.3053150844,32.6866813701,34.0265130659,34.7905430066,34.5601609969,33.2254148118,31.4478682989,29.6754302751,28.5202942335,27.8299016939,27.3846153846,26.5781656146,25.5776134516
Namibia,29.7959183673,28.2051282051,26.9736842105,26.3768115942,25.5696202532,25.8205689278,25.0957854406,25.3807106599,28.591160221,29.347826087,30.1502145923,30.1369863014,31.3392857143,33.0320460148,33.7899543379,33.7606837607,33.5790884718,33.0146590185,32.7858880779,32.6530612245,32.0044918585
Nepal,28.9316350403,29.0559772296,29.2105829211,29.2725509214,28.6183641708,28.041839717,27.5862068966,27.4316017838,27.9688997763,28.9539516353,29.4362745098,30.2060499781,31.2549906841,32.5703473112,33.6421312672,33.7491553615,32.8785745497,31.5881006865,30.3172533681,29.4349813045,28.8958183417
Netherlands,29.4245171462,27.9466271312,26.8436578171,25.8645884072,27.3311897106,28.7172011662,30.5836139169,32.2360333288,31.9582176385,31.0795236266,28.9977617508,26.5769044153,24.4907683145,23.5252643948,23.4891543904,23.6157285338,23.1739179825,22.5387136883,22.1594120972,21.9811427922,22.2742857143
Netherlands Antilles,28.0701754386,26.9841269841,25.7142857143,25.6756756757,27.5,30.1204819277,33.3333333333,33.3333333333,35.3535353535,32.6732673267,28.4210526316,26,25.4716981132,23.8938053097,22.1238938053,19.6428571429,18.1034482759,18.018018018,18.3486238532,18.0952380952,18.4466019417
New Caledonia,30,28.125,27.7777777778,27.9069767442,27.4509803922,29.5081967213,28.9855072464,31.5789473684,31.3253012048,33.6842105263,33.0188679245,31.3559322034,31.746031746,30.8823529412,29.8611111111,29.8013245033,27.950310559,26.7857142857,25.4335260116,24.4444444444,23.7837837838
New Zealand,29.1886195996,26.9557021678,25.2756573367,24.5801526718,25.3371185238,27.5549805951,29.3114339861,31.6332726169,31.6802800467,31.5479378682,29.6183206107,27.7564717162,26.617714548,26.3227513228,26.0721868365,25.4926108374,24.750499002,24.0343347639,23.8514548239,23.700075358,23.3717901005
Nicaragua,29.8003072197,28.6279683377,27.027027027,25.8001939864,24.25,25.017921147,26.0789149199,26.6450916936,27.868852459,28.6142001711,29.6759078485,31.3432835821,32.6759605576,33.9015151515,33.8657202011,32.596530498,31.420181527,29.9024640657,28.7920298879,27.9415347138,26.8204758472
Niger,26.9319051262,27.7288135593,28.1194029851,28.9569278672,29.1685393258,27.8081123245,26.7003367003,25.9581881533,25.8362456316,26.4661974835,26.8018833756,26.7216368911,25.9959657085,25.6415627946,25.6827731092,26.066211554,27.386763888,28.4711306717,29.421814585,30.4652620036,31.2642723687
Nigeria,28.1281763227,28.0548024787,27.9232111693,27.728197902,27.2962664894,27.1621747068,27.0376196443,26.4961052288,26.4668627932,26.795958867,27.6141725986,28.4622270215,29.2301843756,29.9546798479,30.6503802815,31.525498424,32.6103761095,33.3860825041,33.5513844433,33.1101888785,32.2768979956
Norway,29.9332119004,27.4099883856,24.3183082916,23.1922870916,24.2813141684,25.8928571429,27.9126213592,29,29.1705498602,29.0381125227,27.871024735,26.48694908,25.604260549,25.1684502576,25.153609831,24.9720878303,24.4757772957,23.5895627645,23.0822391154,22.995923913,22.9585006693
Oman,28.2511210762,27.7108433735,26.6666666667,26.0736196319,25.7894736842,26.2114537445,26.5957446809,26.2857142857,26.1029411765,25.9259259259,30.2670623145,32.9796640141,35.2201257862,35.8757062147,35.1247600768,33.1967213115,31.3279132791,30.1619433198,29.2403248925,28.8828337875,28.317432784
Pakistan,24.589627529,24.9887797337,25.8173314746,26.8028461784,26.9236115938,26.6276779853,26.4318529862,26.7983735337,27.2235014751,27.4495138369,28.3602094241,29.5265005352,31.1613119143,32.0408981556,32.3469174123,32.2313013836,31.6870071275,31.5082927956,31.2543603568,30.6839352365,29.7912574573
Panama,28.0575539568,26.7223382046,26.0869565217,25.8620689655,25.9863945578,26.7772511848,28.4375,30.223880597,31.9327731092,33.2072617247,33.0821917808,32.3327079425,31.3218390805,30.2139037433,29.8298298298,29.5807819124,28.9803220036,28.4003421728,27.6218001652,26.8429487179,26.1942051684
Papua New Guinea,29.4117647059,28.4782608696,27.9441117764,26.2780269058,27.2946859903,28.1317108089,27.2181454303,29.693818602,31.256281407,32.4171029668,31.8939393939,30.9048569528,30.3334316908,30.1058201058,31.1585512113,32.0552147239,32.6069410815,32.7146606674,32.1215314366,31.5806933156,30.9985802177
Paraguay,27.2363150868,25.7344300823,25.0258531541,24.3858052775,24.4176706827,26.1461318052,27.3644388398,28.3997815401,29.1904761905,28.7700084246,28.8417865254,29.9315068493,31.4160675211,32.6912018401,33.1643543223,32.6244683513,31.759149941,30.9058215329,30.006466911,28.9900249377,27.9919273461
Peru,27.0783847981,27.0678438662,27.0698051948,26.6830725962,26.5963947449,26.9972085604,27.768095736,29.2082775661,30.3974914692,31.2814491781,32.1367917246,32.2571346209,32.3251546252,32.3380209337,31.8826465397,31.3756154069,30.4555290462,29.2021191202,27.9561512884,26.7871649066,25.6888977636
Philippines,27.1813749876,26.1374387202,25.8076467101,25.700280112,26.0486623362,27.2858033274,28.3259284098,29.4768869827,30.341617918,30.3228596137,30.6192898671,31.0416371953,31.5772483698,32.0540508411,31.9868413798,31.5106404923,30.9173419773,30.1604409817,29.4999115931,28.8925493092,28.0853819866
Poland,30.8296136678,29.6440175166,29.6443979605,27.2940740283,27.3776931318,29.1218227616,30.6211963375,31.2345873341,29.4497056565,27.7343158532,27.1698494493,28.7285258197,29.8817318918,29.1112130947,26.4551894056,22.9109250689,20.6945917285,19.6519847743,19.6360582307,19.7847346797,19.3093939212
Portugal,29.6882164145,30.0962183934,29.4092187838,28.3014861996,26.253298153,26.3708664713,26.2929332807,27.9329608939,28.1927244582,29.0217182395,29.3461829176,28.6475560456,26.9786772678,24.5954692557,22.3022878761,21.0554951034,20.5850091408,20.2695218756,19.8204936425,19.1481270203,18.7475765801
Puerto Rico,28.5326086957,26.9911504425,25.4194630872,28.1818181818,27.7056277056,30.6515957447,30.0609756098,30.2083333333,30.2146395157,29.2950391645,28.7373737374,27.8269419862,27.0543008169,26.3653483992,25.2782931354,23.9210284665,22.8871630882,22.0439963336,21.4944649446,21.5083798883,21.4689265537
Qatar,36.3636363636,26.6666666667,30,30.7692307692,28.9473684211,26.3157894737,34.9397590361,37.6068376068,35.2941176471,37.2222222222,34.8837209302,37.6569037657,41.2398921833,38.2978723404,37.3068432671,34.8979591837,33.3969465649,34.168157424,34.7315436242,34.2812006319,33.5338345865
Reunion,27.9069767442,26.6666666667,26.4367816092,24.7474747475,24.3697478992,25.702811245,27.9069767442,31.6901408451,33.6569579288,33.8235294118,33.3333333333,30.7692307692,28.8372093023,27.9735682819,27.6150627615,27.5449101796,27.3603082852,26.5306122449,26.3157894737,25.8928571429,25.1318101933
Romania,30.9924206537,30.5135615829,32.3395225464,30.6496448059,28.4827318588,28.0363434081,27.5960170697,27.2656182118,28.4317060725,28.2821289485,29.0974920523,30.4876949428,30.1450339636,28.0362481315,25.1571129309,23.3728385467,20.9725536993,20.7019691868,20.4783885858,20.1277609355,19.558642321
Russia,32.8011190147,30.4332539594,32.1381262042,29.3834906746,26.7694473777,27.754905997,27.6367527083,30.1684473212,29.0025646886,28.0193665319,27.2411939382,27.9787414191,29.8431398504,28.6708588627,26.0745886955,23.0559554928,20.5115698567,20.8104081542,22.0064037391,22.2722089445,21.6658619025
Rwanda,27.1897810219,27.1496815287,26.8442622951,26.5104808878,26.0596546311,25.750111957,26.4325323475,27.4336283186,27.3293607801,26.9420903955,26.4328899637,28.688172043,31.3444108761,31.257246977,30.8983799705,30.2313214571,30.2412998666,31.8964559493,33.0164571195,33.0021761756,32.2546419098
Saint Lucia,30.2325581395,30.2325581395,28.2608695652,22,20.7547169811,22.4137931034,23.7288135593,28.125,29.1666666667,32,32.0987654321,32.5581395349,34.0909090909,35.1648351648,34.0206185567,30.6930693069,29.1262135922,26.1682242991,26.1682242991,25.2252252252,25.2252252252
Saint Vincent and the Grenadines,25,24.3243243243,20.9302325581,21.7391304348,23.4042553191,22.4489795918,24,28.3018867925,30.9090909091,30.7692307692,31.4814814815,32.0754716981,32.1428571429,32.0754716981,31.4814814815,30.1886792453,28.5714285714,27.1186440678,26.6666666667,25.8064516129,26.6666666667
Samoa,28.9473684211,27.6595744681,27.7777777778,24.1935483871,25.7142857143,27.397260274,29.3333333333,32.8947368421,28.2051282051,30,30.1204819277,25.5813953488,24.7058823529,27.9069767442,31.8181818182,34.8314606742,34.4086021505,32.6086956522,28.7234042553,26.8817204301,28.8888888889
Sao Tome and Principe,37.037037037,38.4615384615,37.037037037,33.3333333333,22.8571428571,21.9512195122,22.4489795918,21.1538461538,27.5862068966,25.8064516129,27.7777777778,30.2631578947,31.3253012048,32.2222222222,33,33.3333333333,33.0434782609,32.5396825397,31.8518518519,30.5555555556,30.4054054054
Saudi Arabia,27.1111111111,27.0316027088,26.8523122824,26.6922094508,26.4516129032,26.4441219158,25.4755434783,28.5763949244,29.9764836077,29.1010539368,31.5171745451,33.4595362044,34.4601412714,35.2781341988,34.7727894881,34.5420326223,33.4361361653,32.2216157205,31.3272323044,30.2915394465,29.1924293199
Senegal,28.2752902156,28.912071535,28.8612565445,28.49002849,27.6450511945,26.2172284644,25.2333094042,24.8066811011,25.5324813632,26.7066420664,28.0201005025,29.2202077099,29.9614494988,30.6601200218,31.269085135,31.9464424035,32.9323764278,33.4293145086,33.3562467778,32.812124128,31.7787336805
Serbia,29.4627383016,31.5246880087,33.5495588998,31.1027568922,29.8814420518,29.5961002786,28.9736200399,29.2933618844,28.7375415282,27.3293133632,27.4736018772,28.1356612482,28.4394456718,27.8572868373,26.3275233077,24.9081257656,23.5027783495,22.7829698858,22.6470588235,22.2624627184,22.0394024681
Sierra Leone,29.3051359517,29.4283036551,29.4015611448,29.2663476874,29.2397660819,28.7043189369,28.2388059701,27.9443254818,28.1011450382,28.8770053476,29.6839212093,30.0228310502,30.023403544,29.6152699075,29.7775395336,30.6181818182,31.667033693,32.769726248,33.2408435072,33.1280998803,32.7767175573
Singapore,29.2929292929,27.8317152104,27.3195876289,26.3964950712,28.6278381046,32.2171945701,36.9932432432,40.3903903904,42.4566088117,38.6574074074,32.8657314629,27.984898537,25.0103863731,25.0792393027,25.382848392,24.1827637444,21.8988723172,18.6801298233,16.9934640523,17.1828908555,18.2195397963
Slovak Republic,29.53396968,28.125,28.6050895382,26.8402154399,26.8526591107,29,29.7628458498,30.5958747135,29.4599627561,28.7586457954,29.4032549729,30.2593659942,31.0369573018,29.9035369775,26.7640769779,23.5757792906,21.4415067005,20.3165255797,20.3606311044,20.5837173579,20.1733648542
Slovenia,29.3506493506,29.25,30.5454545455,28.9411764706,28.1902552204,28.4598214286,28.6166842661,29.7741273101,29.8086606244,29.1089108911,28.7536800785,28.02734375,27.1235521236,25.2399232246,22.7316141356,20.6896551724,19.6342637151,19.9024390244,20.39408867,20.6554121152,20.3815261044
Solomon Islands,27.5,29.1666666667,29.6296296296,28.125,27.2727272727,26.3736263736,25.9259259259,26.1538461538,26.9736842105,28.7356321839,30.303030303,31.1403508772,31.7829457364,31.9444444444,31.9749216301,32.2857142857,32.637075718,32.4390243902,31.8181818182,30.8189655172,29.9794661191
Somalia,28.5338015803,27.1798900236,26.6853932584,25.8889582034,25.5354200988,26.1287223823,26.3594470046,27.3887332711,28.0912364946,28.5280728376,29.0495314592,27.9781680114,27.5503711559,27.1785383904,27.2402597403,28.3897699671,29.2504108204,30.1848512173,30.8839947224,31.4749861547,32.0280784844
South Africa,28.5090273733,27.9335410177,27.3772565252,27.0720449528,27.1987258892,27.8036295952,28.4971256502,29.1739576419,30.2844214609,31.910636879,32.471289559,32.6901806563,32.8682534099,32.7306780827,32.7945267273,32.7460106383,32.5038201266,32.5302071346,32.3964760852,31.934203063,31.2984632737
Spain,30.7761358928,30.9583942576,29.8973017797,28.705554546,26.4865802869,25.4647145912,26.2315657358,27.7831706943,29.0934786998,30.6536663019,31.3735033583,31.0094175734,28.6989851474,25.5666288213,22.1616078753,20.311993517,20.195165047,20.6878707058,21.1925230696,21.0113988014,20.4104769351
Sri Lanka,26.7575514568,27.3835125448,27.4142646749,27.6631344116,28.7738958471,29.9479553903,31.2093275488,31.725697061,32.4538874621,32.6539605597,32.5294805057,31.2405063291,29.8418209877,29.0226956925,27.1451699946,25.3930400989,24.8601887452,25.134712324,25.5611623456,24.5223488168,23.1842830474
Sudan,27.4186550976,27.5675675676,27.5974025974,27.6081040218,27.6573100971,27.3955352032,27.2291748142,27.2044088176,27.4130128348,27.9538341158,28.5302427492,29.3429061963,30.291017629,31.3816539322,32.3663122207,32.8189995378,32.8785225809,32.4497370863,31.7431139122,31.1280487805,30.5374463349
Suriname,26.8518518519,26.6129032258,25.5172413793,24.5508982036,23.4042553191,23.2044198895,26.1111111111,30.4347826087,32.5,34.4186046512,32.4675324675,31.0483870968,31.1538461538,29.8181818182,30.985915493,30.612244898,28.903654485,28.5714285714,26.517571885,25.7234726688,25.641025641
Swaziland,28.5714285714,28.125,27.2222222222,25.9803921569,26.0683760684,26.5682656827,26.1829652997,26.6129032258,27.5711159737,26.9841269841,27.5491949911,28.0276816609,30.6688417618,33.9449541284,35.7864357864,36.0385144429,35.4497354497,35.1145038168,35.257985258,35.4761904762,35.1851851852
Sweden,29.1311754685,27.0381553665,25.12,25.1549586777,26.620312888,27.3147023086,28.0057251908,27.5307473983,26.7374740245,26.4725643897,25.8647623298,25.1966783217,24.8931623932,25.0366645715,24.3487179487,23.9099859353,23.3689205219,22.6127709432,23.3011583012,23.7123235406,23.54826546
Switzerland,28.9354706124,28.2675947409,28.087431694,28.0625832224,28.9240506329,29.0461538462,29.2269787496,29.9065420561,30.3171370381,29.9555802332,28.3188248096,26.8613522757,25.2314814815,24.7731854839,24.5250431779,23.7427466151,22.9418742586,22.0951936538,21.7361271011,21.899136756,22.0825852783
Syria,27.7385159011,26.9488900361,26.2948207171,25.3770739065,24.5781598217,24.6913580247,24.8260381594,25.3308480895,26.3316423589,28.0326056922,30.2971023352,33.4601162176,35.6251682973,34.2120533864,32.7461538462,31.7845453252,31.6755319149,32.0353095849,31.7277424719,30.4263895986,28.4182892146
Tajikistan,29.7845373891,29.5528898582,29.8591549296,26.0359655981,22.9222520107,22.776821572,23.9598997494,27.6327241079,29.1229385307,29.580879806,29.6296296296,29.0997271901,31.3512004467,33.2400813835,34.2603412012,33.8257658049,32.2408848832,31.4330339711,31.1632270169,30.8754086451,29.9293286219
Tanzania,27.4444728108,27.5290957923,27.3895269613,27.2620248907,27.2345964709,26.8509378085,26.6934801016,26.7253106013,26.8539413275,27.236067958,27.5015989302,27.7602040816,28.1474262426,28.2447726837,28.3636241475,29.0631600869,30.3126163007,31.7563685118,32.8131452542,33.2524368411,33.1203994346
Thailand,27.7772368805,28.3353010626,28.5527557912,27.4359453899,26.621344556,27.1156675685,28.6186580765,32.3244140846,34.8797975538,35.5311234735,34.4711189627,33.2228294956,30.9535494674,29.1611671207,27.7207335823,26.4933523907,25.5890104624,24.811016546,24.4894189667,24.2534942821,23.9446385237
Timor-Leste,28.7037037037,29.203539823,29.0322580645,29.0441176471,28.4280936455,28.313253012,31.6901408451,33.2298136646,32.4022346369,32.0388349515,22.0551378446,24.0740740741,25.7391304348,27.4193548387,29.4339622642,29.0849673203,29.5302013423,30.5128205128,31.5425940138,32.9403606103,33.2492113565
Togo,27.9346210996,27.5342465753,27.3525721455,26.9585253456,26.4272559853,26.1674718196,25.7446808511,25.7531010041,26.1832829809,26.9968763945,28.2534892493,29.4253632761,30.5490654206,31.3526192338,31.8609022556,32.1428571429,32.2726379886,32.2909090909,32.0562807255,31.5085932527,30.8584337349
Tonga,26.0869565217,25.9259259259,28.125,27.5,26.6666666667,26.0869565217,25,24.4444444444,30.4347826087,27.0833333333,25,30,27.4509803922,26,27.7777777778,32.1428571429,32.1428571429,32.7586206897,31.6666666667,29.5081967213,28.813559322
Trinidad and Tobago,29.1536050157,26.6666666667,26.0047281324,26.2693156733,25.2032520325,27.9527559055,30.442804428,32.9391891892,32.6860841424,32.9192546584,33.0316742081,33.7278106509,34.6376811594,33.3808844508,30.7692307692,26.4909847434,23.4722222222,23.0014025245,23.3285917496,23.4011627907,22.619047619
Tunisia,27.9253815715,27.5436793422,27.4293920536,26.2902514336,23.2638888889,25.5456171735,26.7189952904,29.1240674219,30.9775917262,31.8860244233,33.190944041,34.6992864424,35.7115160915,35.0867478774,32.4624889673,29.056924384,26.1149653122,24.587512132,24.362244898,24.4672454617,23.9786297926
Turkey,26.9491682929,27.4165918917,28.4070478245,27.5047862157,26.3997304431,26.5387095174,27.2635726795,28.6744992903,30.4692282761,32.3403413959,33.6323957323,34.3376388457,33.8224368499,32.8306904857,31.6045961635,29.9249015478,28.8794627077,27.6400446084,26.4047414606,25.5494731643,24.670383332
Turkmenistan,30.2588996764,28.7572254335,28.9052890529,25.4677754678,22.9316546763,23.6903831118,25.7398485891,29.7379646557,30.947255113,31.3031161473,31.565103025,31.9200978394,33.8156892612,34.9785407725,33.9533310788,32.7084680026,30.8028741018,29.2083712466,28.8210900474,27.7906976744,26.3808975834
Uganda,28.7040618956,28.7981093856,27.1395076202,26.2335730226,25.5157894737,25.3058243564,25.8414595785,26.0395639887,26.0220125786,25.3705815279,25.2489795918,26.1063488745,27.0484999407,27.783390584,28.4996317317,29.3403951619,30.4875234862,31.6499400181,32.7206847661,33.4325727623,33.6326298772
Ukraine,32.6318756165,29.6970502259,32.3928286518,30.0396047526,26.9064526088,27.3563046566,25.921565742,27.1838307463,26.9196090453,26.7292381857,26.335848769,27.0121540837,28.2669062398,27.580848383,25.2561497557,22.1259103704,19.8869166242,19.6850772861,20.859386724,21.7890146402,21.5314100836
United Arab Emirates,26.4705882353,25.641025641,27.9069767442,27.868852459,28.5714285714,32.0987654321,35.7594936709,38.9112903226,35.5590062112,37.6670716889,40.0190114068,45.7886676876,46.1588121369,40.8045977011,35.1125065411,32.4154589372,32.2147651007,32.4066390041,31.4219294847,29.711994167,28.4724627641
United Kingdom,28.3794162826,26.4684773165,25.5498154982,24.3603487707,24.7390651726,25.3775807122,26.7639734366,28.5684797193,28.8885112169,28.7874216367,27.8669534999,26.6398102726,25.7711348058,25.5927259186,25.4566972143,24.7208363032,24.0610704816,23.6031077091,23.7071158085,24.02899763,23.9457168025
United States,31.0463143501,28.2307085518,25.7177770694,24.599845676,25.7051792829,28.3815298507,31.4900271753,33.1645920455,32.4321202507,30.6063068685,28.5347026125,27.0028842836,26.4683025695,26.4655737705,26.262672626,25.8738698763,25.5300020457,25.0971528065,24.9240059257,24.6706622956,24.2245235918
Uruguay,30.4701627486,30.3904923599,30.4964539007,29.3856402665,28.2069454288,26.2937062937,26.6666666667,27.2491909385,27.34082397,27.6774969916,27.9883381924,27.0615563298,27.106017192,27.0880361174,26.7629094947,26.7397260274,26.2472885033,25.2557889068,24.4242099625,23.7687366167,23.1884057971
Uzbekistan,28.8083538084,27.6329787234,28.3257918552,25.1187535626,22.5748697917,23.1071779744,25.0616674889,28.7235198262,30.32873807,30.8511559442,31.1742515451,31.7893305123,33.8722369268,35.3576248313,34.9869451697,33.026020501,30.3055084993,28.1825414867,27.496382055,27.2438530201,26.5774792829
Vanuatu,28.5714285714,26.9230769231,29.0322580645,27.027027027,28.9473684211,29.7872340426,27.7777777778,29.0322580645,30.1369863014,30.9523809524,30.1075268817,30.8411214953,31.1475409836,32.0895522388,32.2368421053,32.1428571429,32.2222222222,31.4720812183,31.4285714286,30.6666666667,29.8319327731
Venezuela,28.5202863962,27.6943174396,26.7150928168,25.7761894126,25.8259392109,27.7221427436,29.6634035135,31.2412505833,31.7145486147,31.496350365,31.8211811283,31.7539109507,31.9532761957,31.9689982065,31.3211163014,30.532023043,29.5813204509,28.8519870444,28.1789327514,27.3971282644,26.4946803502
Vietnam,30.7552518718,29.6261930011,27.3114715284,24.4682518944,22.6762523191,23.2846080583,25.5848699074,28.7138421311,31.1224191379,31.3987340082,32.6090206828,32.5890558442,32.330075522,32.2304077226,31.1541189584,29.9847970998,27.9858003361,25.8081161771,24.8872548132,24.3747312599,23.9385888269
Virgin Islands (U.S.),30.7692307692,26.6666666667,23.5294117647,30.4347826087,35.4838709677,31.1111111111,32.0754716981,32.0754716981,29.6296296296,28.0701754386,27.2727272727,26.3157894737,22.0338983051,22.8070175439,23.2142857143,22.2222222222,22.2222222222,19.6078431373,19.5652173913,18.6046511628,20
West Bank and Gaza,24.6376811594,26.1477045908,27.3764258555,27.4137931034,27.1535580524,26.3843648208,24.297752809,25.8362168397,25.4995242626,26.9619269619,26.8560361524,26.5262020529,27.4573142593,28.3540248298,30.1754385965,31.7884914463,32.5076537712,32.7963755349,32.4193548387,31.8239795918,31.2153602534
Western Sahara,33.3333333333,37.5,37.5,36.3636363636,33.3333333333,25.7142857143,33.3333333333,32.9411764706,33.6538461538,32.8,33.5570469799,37.0731707317,38.2470119522,36.8243243243,34.5029239766,31.4363143631,29.1878172589,27.8177458034,28.0742459397,28.6666666667,28.2327586207
"Yemen, Rep.",27.0472625175,26.6438941076,26.0735009671,25.6963788301,25.4932665205,25.1468531469,25.3095238095,25.3267326733,25.2660880956,25.2876569038,25.607580825,27.0389985556,28.9954147561,30.888227177,31.9803433531,32.2292921259,32.5001280541,32.7108039966,32.9210153331,32.955859484,32.3661381992
Zambia,28.0373831776,28.035982009,27.7124183007,27.1195957327,26.5257087938,25.9935117599,25.6975542542,26.2540334409,26.9482151835,27.4514086045,27.4558236747,26.9256871395,27.5259750038,28.2797277459,29.3678977273,30.7381837493,32.1919784553,33.5002195872,34.281098546,34.5521160461,34.3060101678
Zimbabwe,28.2703488372,27.3802115744,26.0106382979,25.3724604966,23.8131699847,24.280633689,24.5628415301,26.063470628,27.9140521012,28.1618887015,28.4030179189,29.0869497589,31.862745098,36.4625470777,37.9340937896,36.4001892148,34.4827586207,33.0770850885,32.8271728272,32.7604216124,32.059063321
