Male 20-39 years (%),1950,1955,1960,1965,1970,1975,1980,1985,1990,1995,2000,2005,2010,2015,2020,2025,2030,2035,2040,2045,2050
Afghanistan,28.4936049266,28.6872671488,28.7948666533,28.8283378747,28.9225260417,28.4186180977,27.9673898024,27.5250941029,27.076310144,27.0051194539,26.9523541021,27.1939498976,27.7556705133,28.4787636076,29.2596027137,29.9028875902,30.3354065708,30.9420265041,31.6893758341,32.5101478895,33.2426066475
Albania,26.6009852217,27.1942446043,27.4412855377,27.7719112988,27.037037037,27.5720164609,30.0435413643,31.7616240995,33.3135743924,31.7057704502,27.7850589777,27.3848150552,29.2199488491,31.6708229426,33.1097560976,31.1524609844,28.340323547,26.0817307692,25,25.4901960784,25.2173913043
Algeria,28.3602150538,27.7450781409,26.3661453542,25.1461011855,21.7048497471,22.8958359701,24.547091853,26.7770379701,29.0190842692,30.7336232291,33.5109147609,36.0287023637,37.0952407583,36.5702694268,33.6633663366,30.6010171059,28.7045252884,27.9343529816,28.513434335,28.3602865916,27.239407121
Angola,29.0354330709,28.5650022492,27.7981277981,26.8988514265,25.971849866,25.881649731,25.9508408797,26.1920313521,26.4851485149,26.4001294917,26.7973856209,27.2338867188,28.1580352376,29.227459783,29.892384106,30.8044957113,31.2562545867,31.8444241872,32.5371135171,32.796614543,32.9376141498
Argentina,32.4309016765,31.4341846758,30.2789986623,29.2839330246,28.8753545803,29.0789473684,29.0266887274,28.9813197151,28.6554832248,28.7588590172,30.0143424537,30.8028428534,31.5100772085,31.7299861065,30.7911683533,30.0217710046,29.3749460416,28.7293283834,28.1151745822,27.5884532389,26.8099319892
Armenia,26.0124610592,28.9544235925,33.2591768632,30.1869158879,26.7479674797,28.0638143582,29.6885354539,33.4763948498,33.8372093023,30.4319371728,27.8008298755,27.4825174825,30.7425399028,32.9234972678,32.1212121212,30.207635633,27.8710543989,27.1929824561,28.1546811398,27.7282086479,26.290097629
Aruba,25,26.3157894737,26.0869565217,25.9259259259,29.6296296296,30,32.2580645161,36.6666666667,34.375,37.5,31.8181818182,28.5714285714,26,25,26.4150943396,27.4509803922,26.4150943396,25.4901960784,22.641509434,22.641509434,24
Australia,31.5637065637,29.6479175612,28.2855493554,27.058215639,28.3998752339,29.9458985232,31.8887980376,32.9866835764,32.4099072661,31.7576564581,29.8002103049,28.7011448875,27.9756895746,27.2791959441,26.8868324985,26.1269324654,25.558429344,25.0625995903,24.8986511388,24.897724826,24.7286984527
Austria,25.9707983846,25.2478314746,27.3032336791,28.1975889444,28.2342905886,28.9863166713,30.2130044843,31.6699191525,33.4422657952,33.7601254246,31.3710302091,29.1177205699,27.1816181863,26.5202702703,25.9427207637,24.6986528008,23.5003528582,22.3659454374,22.0622935347,22.1115065243,22.3574325937
Azerbaijan,26.1188554659,29.5685279188,32.5818572195,28.8235294118,24.870672503,24.7207207207,26.9513008672,31.9901568748,32.3604420516,33.2807570978,31.6654030831,30.5562302648,32.5022872827,33.7076225437,32.954780095,31.0358645562,29.3123772102,28.6516853933,29.3057153817,29.2151995417,27.5353999235
Bahamas,27.7777777778,26.8292682927,26.9230769231,27.5362318841,28.5714285714,28.2608695652,28.8461538462,31.8965517241,35.4838709677,35.9712230216,33.7748344371,33.125,31.7365269461,31.0734463277,30.8108108108,29.7435897436,28.7128712871,27.4038461538,26.1682242991,25.9259259259,25.6880733945
Bahrain,33.8709677419,32.3943661972,32.5301204819,25.2631578947,28.5714285714,30.612244898,43.7810945274,47.3251028807,47.0383275261,45.3731343284,42.4,42.1052631579,41.3793103448,37.8486055777,35.4359925788,33.5640138408,31.855500821,30.2982731554,29.1729323308,28.0882352941,27.5216138329
Bangladesh,30.0675098274,29.3164910105,28.7459851976,27.1407157579,25.8898152508,26.1635005128,26.3630697814,27.1873755287,28.4466233524,29.8314097343,31.7464547712,33.6762086678,35.0390338373,35.3745876824,34.8004356461,33.5760929267,31.8977146097,30.4781763897,29.1866914835,28.0068447017,27.2322031609
Barbados,30.9278350515,27.4509803922,23.0769230769,21.2962962963,22.5225225225,26.724137931,30.5084745763,36.3636363636,38.0952380952,38.2113821138,33.3333333333,32.2314049587,30.9523809524,29.6875,27.5590551181,24.21875,22.8346456693,22.7642276423,22.7642276423,22.3140495868,21.3675213675
Belarus,27.9416058394,30.4335343095,33.658008658,31.9062181448,29.686746988,29.4199214236,30.4638715433,33.0759330759,32.4459234609,31.7295727914,30.9114085405,31.7019882019,34.0143691064,33.6943996313,31.501657982,28.2370153621,25.2966422621,24.3710691824,24.8023984737,24.8013620885,23.9490822972
Belgium,29.1862652869,28.2828282828,28.4632516704,26.7945677948,27.0625662778,27.9021125288,29.8333333333,32.3775638342,32.0412371134,30.9813463098,29.0555444155,27.4529042386,26.106870229,25.2722493428,24.593495935,23.9970824216,23.7398373984,23.5272988506,23.7209302326,23.99499732,23.9336069963
Belize,30.303030303,25.641025641,23.9130434783,23.6363636364,21.6666666667,22.7272727273,23.6111111111,25.9259259259,29.0322580645,30.9090909091,30.9523809524,30.985915493,32.2784810127,33.3333333333,34.2245989305,33.3333333333,32.8703703704,31.5789473684,30.6722689076,29.387755102,28.2868525896
Benin,26.9109947644,25.9036144578,25.3968253968,25.5301102629,24.9050873197,25.1172136638,25.3774680604,25.7213930348,26.6893327667,27.9747279747,27.9349789284,28.6147623862,28.8540098903,28.9801226082,29.3850397534,30.0086107922,31.0189938398,31.9782256196,32.6119087838,32.8314715881,32.5218645749
Bhutan,29.8850574713,29.702970297,30.0884955752,29.4573643411,29.1390728477,30.0546448087,29.5454545455,27.7551020408,26.4285714286,25.6809338521,27.3684210526,34.6041055718,36.6310160428,38.3863080685,36.2790697674,33.1848552339,30.4721030043,28.7784679089,28.3400809717,27.4703557312,26.8482490272
Bolivia,27.7900960828,27.5954454119,27.5301204819,27.3513513514,26.9841269841,27.0051194539,27.4895872775,27.7664630007,28.0351195883,28.517621738,28.9028516191,29.5017482517,30.3956834532,31.5361890694,32.4728962313,33.1714424478,33.2002457002,32.5499412456,31.7795409464,30.7046518029,29.5693135935
Bosnia and Herzegovina,25.9143968872,28.8811188811,32.5596389426,31.4371257485,30.2232398397,31.2330255296,32.9002079002,35.9705159705,35.1947442515,32.9826732673,30.0168634064,29.5217152281,30.458817026,30.0445930881,29.2020373514,26.7166762839,23.8629651506,22.6829268293,21.541377132,21.437994723,21.1683848797
Botswana,28.2828282828,28.4444444444,26.5873015873,24.3816254417,24.0963855422,25.5696202532,27.4428274428,27.8169014085,28.9156626506,29.9346405229,31.850117096,34.1703056769,36.7408906883,37.6060320452,36.8888888889,34.9326599327,33.7359098229,33.281613654,33.1831831832,33.1391114348,32.3175053154
Brazil,29.2287581699,28.3971902937,27.9907341018,27.0335780994,27.1315888319,28.4652731451,29.8068365362,31.5968022656,32.4428713697,32.7433186454,33.0773966477,33.4386576596,33.6725677516,33.4600989374,33.0250617031,32.0498117247,30.6701492678,29.2063551472,27.251071939,25.1002473392,23.7150415722
Brunei,33.3333333333,30.303030303,29.2682926829,27.2727272727,24.2424242424,27.0588235294,35.5769230769,35.593220339,39.2592592593,37.908496732,36.4161849711,35.4166666667,35.5769230769,35.652173913,35.3658536585,34.2307692308,33.0935251799,31.3793103448,30.2631578947,29.5238095238,29.1411042945
Bulgaria,32.3123620309,31.9604172239,32.5776872134,30.3658536585,29.5240339303,28.6009648518,28.759057971,28.8474500112,27.9273061882,27.9677576942,29.1570586728,30.0826005862,30.3975704031,28.7182415073,25.5476613381,23.1598398522,21.6077170418,21.7025572005,22.5035161744,22.7072633896,21.9362274299
Burkina Faso,30.2336448598,29.2607348384,28.2878411911,27.4479568234,26.5364120782,25.6501950585,24.9558043606,24.782494068,25.8636573008,26.974605079,27.7527700831,28.9258610625,28.4222167609,28.1736023539,28.2313235428,28.7824062926,30.7851387007,32.3788827815,33.4509078293,33.9924919368,33.5254750623
Burundi,28.9719626168,27.3504273504,26.2411347518,25.4368932039,25.0739207569,24.7305728871,26.8476621418,29.2054099746,29.4691224269,27.2485009993,25.1193887297,28.8173237091,33.1658291457,34.4782890473,34.2058649872,32.84233497,31.8653290257,32.0467648943,32.5261086726,32.5724949756,31.7739058856
Cambodia,29.0381960423,29.0615957007,28.8709084222,28.6458333333,28.2671272309,28.676056338,28.832,28.3018867925,28.2773564464,27.6630732688,26.6828478964,30.3523837726,33.6316788717,36.6616989568,38.0527939664,35.2972455599,33.039559339,31.2274024738,30.7671332485,30.8557969118,30.2833530106
Cameroon,29.100045683,28.8445552785,28.4531426421,27.8374748153,27.1111111111,26.556445363,26.0444444444,25.8002683535,26.0361842105,26.6809728183,27.8846153846,29.2299044407,30.4408817635,31.3789066018,31.6587444681,32.1051838457,32.7916870075,33.2251784555,33.4386583217,33.0048696649,32.1655877713
Canada,30.1808266361,28.8328945719,27.5561921551,25.9700889248,28.2441348974,31.1684946887,34.1441441441,36.1128428928,35.0131080687,32.6736087166,30.3460981708,28.3875,27.8386750864,27.7768337581,26.7544806737,25.2864663983,23.9863020497,22.944284342,22.8276602699,23.1441843519,23.3656497376
Cape Verde,28.3582089552,26.9230769231,25,23.1481481481,19.6850393701,17.96875,17.2932330827,21.6216216216,24.8484848485,25.9259259259,28.0193236715,29.5652173913,31.7073170732,34.0909090909,34.5195729537,33.5593220339,31.4102564103,29.5031055901,28.3987915408,27.2997032641,27.3529411765
Central African Rep.,29.2048929664,29.0697674419,28.8227334235,28.3600493218,27.6169265033,26.4646464646,26.3440860215,26.8842268842,26.7546907575,27.7167277167,28.1828073993,28.5501489573,29.9276672694,31.0771770532,32.2445879225,33.0045790771,33.2565789474,33.4260977118,33.2261835184,32.75,32.3865144677
Chad,28.9166666667,28.3004552352,27.7091906722,27.3062730627,26.7955801105,26.7481662592,26.5198237885,26.1747572816,25.9946949602,25.9143748228,26.2602016323,26.8047456264,27.5699300699,28.2958199357,29.0392130441,29.8896928004,30.7303193171,31.6152827691,32.4335904027,32.9888027562,33.2924807152
Channel Islands,29.1666666667,28,29.6296296296,29.0909090909,28.813559322,30.6451612903,31.1475409836,33.8461538462,34.328358209,33.3333333333,30.4347826087,27.1428571429,26.0273972603,25.6756756757,26.0273972603,24.6575342466,25,23.6111111111,21.9178082192,22.5352112676,22.5352112676
Chile,28.8416860272,28.1026252983,26.9912675311,26.8132896584,27.2746508675,28.6103542234,31.5083393764,33.952476573,34.6018106491,34.2504211117,32.4373934706,31.0182314275,30.8672566372,30.9741505813,30.7215822647,29.3442795495,27.5752285098,25.9943468605,25.3418504841,25.2009925558,24.9603489294
China,30.1772493501,29.5829775121,29.2863032302,27.713744773,27.0027271381,28.2992622556,29.8154255856,32.6222297536,35.1689456954,35.6320094578,34.6284646376,32.9821937092,31.8186280578,30.1815979126,29.7354986149,28.6832594685,26.3932706586,25.4988018699,25.2561594787,25.0212103501,24.4374553957
Colombia,28.0596015403,26.4052287582,25.0031363693,23.9151606969,24.4871070958,26.6627575808,29.0387631638,31.5492957746,33.1269349845,32.7822468793,32.7082802548,32.3150898034,31.8161867978,31.9533695831,31.51928321,30.880879023,30.2401824531,29.4283941254,28.7523940728,28.1210842182,27.3688319292
Comoros,30.7692307692,29.8850574713,27.3684210526,25.7142857143,25.641025641,25,25.4545454545,26.0416666667,27.6497695853,28.7449392713,30.2919708029,32.5806451613,32.6589595376,32.3759791123,31.7422434368,31.1258278146,31.9672131148,32.7619047619,32.6126126126,31.9658119658,30.5555555556
"Congo, Dem. Rep.",27.0113935145,27.3137346399,27.4880871341,27.6193870278,27.5598573612,27.3125822008,26.9792293799,26.4885199118,25.9803652718,25.57153808,25.6846043624,26.1385393873,27.1713265913,28.3854166667,29.63780614,30.9494957793,31.880614745,32.7159865676,33.404798047,33.6932762088,33.7510614403
"Congo, Rep.",28.7878787879,28.7330316742,27.9441117764,27.0979020979,26.3237518911,25.8106355383,25.6381798002,26.1158594492,26.9293924466,27.6734104046,28.1559814937,29.8708920188,30.9003729355,32.3877068558,33.0638297872,33.1632653061,33.1265961328,32.8098327074,32.7225972356,32.256097561,31.5958066395
Costa Rica,28.6004056795,26.0869565217,23.929098966,23.1343283582,23.83531961,26.7307692308,29.8333333333,33.0422125182,34.0996168582,33.2391181458,32.5825825826,32.5306678782,33.3191850594,33.9037007561,33.2205937617,31.6015764959,29.2053663571,27.7204658902,26.6212710765,25.8505564388,25.5332496863
Cote d'Ivoire,29.0780141844,29.9661016949,30.4050199658,30.6875865252,29.9370137088,29.0623179965,28.2291191237,27.6892065237,27.3865892775,27.9231661725,28.5906945381,28.5917496444,29.2782941498,30.2444987775,30.9782608696,31.8943084006,32.5940860215,32.9633802817,32.9776103787,32.5600743895,31.9865319865
Croatia,27.8715296679,29.8097251586,32.6952922918,31.9676277188,32.0258192651,31.9592628516,31.5243039169,31.961147086,30.9240622141,29.5555555556,28.7557603687,28.7716020551,28.4571966134,27.8937381404,26.6283524904,24.6601941748,23.4683794466,22.8946041351,22.5424601132,22.8300894266,22.7175080559
Cuba,29.0058862001,28.290649196,28.7201973143,27.9041028176,27.1660649819,27.6546822742,28.4853354761,31.9471817107,34.8479158843,36.2906170135,34.0962335556,32.1753073223,29.5584045584,27.1772039181,26.7142857143,26.2439374888,24.0167516387,22.4948875256,21.5187452181,20.9044030147,20.7511931936
Cyprus,27.9835390947,26.8482490272,26.0714285714,25.8741258741,26.2458471761,31.4754098361,33.4426229508,33.4375,31.1764705882,30.0546448087,29.0155440415,28.9926289926,30.3738317757,31.5555555556,30.5907172996,28.0808080808,25.8252427184,24.4821092279,24.1818181818,24.6017699115,24.6551724138
Czech Rep.,29.3914246196,27.0976311711,27.6398186137,27.1665250637,29.0438079191,30.7201646091,31.4469195264,30.987604958,29.2141571686,29.3859649123,31.3705787781,31.8053880177,32.3236271253,29.9690641918,25.9700345755,23.8296239447,22.7062451812,22.6019417476,23.6533957845,24.0360148757,23.365403495
Denmark,29.0033065659,27.0663033606,25.8362676056,26.5366680797,28.6298568507,29.9920127796,30.9881422925,31.5204446209,31.0576164167,30.8139534884,29.5299469295,26.8110530246,24.8161764706,24.4525547445,24.918507787,25.9805685498,26.217765043,25.4206945936,24.8025843503,24.6580273578,24.7832369942
Djibouti,29.0322580645,28.5714285714,27.9069767442,28.0701754386,28.75,28.3185840708,28.1437125749,28,27.9569892473,29.1262135922,29.7520661157,31,32.4200913242,34.1052631579,34.4357976654,34.229390681,33.3333333333,32.2834645669,31.7979197623,31.3475177305,31.0719131615
Dominican Rep.,26.2560777958,26.5235457064,25.9389671362,25.1866600299,24.7210300429,25.2908067542,26.9576807731,28.8181006252,30.4079441761,31.0959238467,31.1221047897,30.9360016677,30.8531359564,30.9838472834,30.9116311561,30.7010205789,30.3568545132,29.726758794,29.18395574,28.4566403881,27.6012648697
Ecuador,27.0783847981,26.4278296989,26.1947700631,25.7751937984,25.5666666667,26.6052404261,27.6654182272,29.020979021,30.5340557276,31.3971742543,31.4290338242,31.109754236,30.8874709977,31.1095890411,31.5138092757,31.4449713002,30.8192771084,29.8722606352,28.7010451361,27.7085222121,26.9373523788
Egypt,29.8120968496,28.7453722748,27.2079464479,25.6450796863,26.0913477724,26.2860885776,26.5687463504,27.6539716228,27.4368851895,27.676711136,28.9303904924,30.6828426448,32.9739146812,33.1380335482,32.5014662164,31.4708346025,30.2061892897,30.3147708097,30.108237627,29.4294342276,28.4460080011
El Salvador,26.4516129032,26.6666666667,25.7121986852,24.922311995,25,25.5369928401,25.5347010039,25.4403932814,26.0416666667,27.5613275613,27.7252015422,27.5251648733,28.1603288798,30.2442288391,32.5558794947,32.8976034858,32.606096832,31.3277408157,29.9633905942,29.8787210584,29.3878656555
Equatorial Guinea,29.3577981651,29.3103448276,27.868852459,28.7878787879,26.7605633803,19.298245614,17.9245283019,32.4675324675,35.4838709677,33.1838565022,27.7992277992,25.4966887417,25.8720930233,27.5064267352,29.3577981651,30.4347826087,30.5660377358,31.3148788927,32.428115016,32.8869047619,32.9624478442
Eritrea,26.7256637168,27.5917065391,27.9661016949,28.2689912827,28.152173913,27.3764258555,24.0558292282,23.5465116279,23.8709677419,23.3034571063,28.7472035794,32.9535095716,34.0590979782,33.1197301855,31.1785929044,31.4986376022,32.785660941,34.0054995417,34.506892895,33.6827531646,32.3128616763
Estonia,27.9317697228,29.8210735586,32.5800376648,33.8003502627,33.3868378812,32.6777609682,31.9587628866,31.9268635724,31.2925170068,29.6851574213,29.3375394322,30.4838709677,32.1428571429,30.8064516129,28.4090909091,25.5663430421,23.240589198,24.459234609,26.5546218487,27.4111675127,26.1904761905
Ethiopia,28.0411693857,28.1722354813,28.3042505593,28.2569097965,28.2070935823,27.6733794454,27.2245943638,27.1115694363,26.8611250209,26.7284037891,26.674450043,27.0099148615,27.9734172126,29.4273550649,30.7911127638,31.8327974277,32.6907826511,33.1546449621,33.4350110151,33.5052113244,33.1325719042
Fiji,27.8145695364,26.9005847953,26.1083743842,26.2711864407,27.6515151515,29.3515358362,30.3405572755,31.7548746518,31.7808219178,31.7948717949,30.9582309582,30.7142857143,31.2643678161,32.6530612245,32.8159645233,32.6039387309,32.3340471092,31.2765957447,29.8507462687,28.9079229122,28.0777537797
Finland,29.7494780793,28.3251231527,28.3973758201,28.5519745801,30.5480682839,33.3919156415,34.4723183391,34.8778433024,32.0941759603,29.2437650845,27.6107594937,26.3342423062,25.600915681,25.9842519685,25.3515914138,24.429727741,24.0250183959,23.5706381409,23.8888888889,24.2266120015,24.1869158879
France,28.4336151169,27.9387199924,28.9480812641,27.1202864967,28.1091114519,29.0392590009,30.406047024,31.9839857651,31.0541928949,30.2641857823,28.7317073171,27.626918536,26.4994583238,25.3100301998,25.0426109463,24.8825706909,24.7771562058,24.6985750822,24.4979433825,23.9364907207,23.4655519803
French Guiana,33.3333333333,28.5714285714,25,25,33.3333333333,28.5714285714,35.2941176471,34.7826086957,34.4262295082,32.8767123288,29.0697674419,29.4117647059,28.0701754386,29.7709923664,30.5555555556,31.875,32.2033898305,30.890052356,31.067961165,29.8165137615,29.3859649123
French Polynesia,26.6666666667,29.4117647059,26.8292682927,26.0869565217,26.3157894737,29.8507462687,30.3797468354,31.8681318681,32.6923076923,33.9285714286,33.3333333333,31.5789473684,32.6086956522,31.7567567568,31.8181818182,31.4465408805,28.7425149701,28.0701754386,27.7456647399,27.1186440678,26.404494382
Gabon,30.303030303,30.1724137931,29.4117647059,28.3400809717,27.2373540856,28.275862069,28.7425149701,28.3887468031,27.9475982533,27.6635514019,28.2679738562,29.4721407625,31.1081441923,33.0900243309,34.0425531915,33.9563862928,33.3980582524,32.3556370302,31.679721497,31.25,30.6891025641
Gambia,29.2682926829,29.197080292,31.1688311688,31.693989071,30.8056872038,29.5275590551,27.1523178808,26.3157894737,26.4108352144,27.2727272727,27.8637770898,27.8731836196,28.0276816609,28.7018255578,29.945553539,31.3262815297,32.4981577008,33.0195023537,33.2920024799,33.1418724871,32.7789699571
Georgia,28.1326781327,30.5227655987,34.262125903,32.3795898903,28.6940804338,28.0815972222,27.8337531486,30.877052463,31.4957594449,30.7436643124,29.6708185053,29.1133238502,29.5214105793,30.0469483568,29.128808124,27.8536318951,25.9943977591,24.7976878613,25.3285543608,25.4478072884,24.374599102
Germany,24.9460180363,25.2264145151,29.2940030118,30.8746225254,30.0175984838,30.7717041801,30.1972889545,31.838419817,33.5656486557,32.8262731073,30.3007612629,27.3194213543,25.1024717426,24.475961779,24.0340851623,23.0394169575,21.5951273069,20.8007055616,20.4456992489,20.4781235904,20.7797485993
Ghana,27.6519666269,27.9411764706,27.9171528588,27.6670870113,27.5447744276,26.678550208,26.4452423698,26.7123287671,27.3063706053,28.4502521779,29.4337714863,30.2656461054,31.0705596107,31.6360172906,31.8278852568,31.8301413449,31.8364345908,31.8363483382,31.7453294002,31.5134985207,31.0272445008
Greece,30.2685109845,31.1985596708,31.8651574803,30.1587301587,27.3637633908,26.5688487585,27.0498732037,28.2381829343,28.9394847214,30.5197268589,31.5799187892,31.5318605076,29.5294753921,27.1441360788,24.5357142857,22.7362028934,22.3316618911,22.2282120395,22.0978515978,21.8346957312,21.3905705375
Grenada,20.5882352941,23.6842105263,21.4285714286,20.9302325581,18.1818181818,25,23.2558139535,30.612244898,28.5714285714,31.25,30,30.7692307692,34.6153846154,36.3636363636,33.9622641509,31.4814814815,28.5714285714,25.4545454545,26.4150943396,28.8461538462,24.4897959184
Guadeloupe,29.702970297,27.8260869565,24.6268656716,22.8187919463,22.641509434,22.2222222222,27.5,30.4093567251,33.5078534031,32.8205128205,31.7073170732,26.0273972603,25.7777777778,25.6637168142,25.7641921397,25.7641921397,24.347826087,24.347826087,23.5807860262,22.2222222222,21.9730941704
Guam,55,46.1538461538,40,39.5348837209,38.2978723404,34,34.5454545455,37.0967741935,38.0281690141,36.8421052632,31.6455696203,29.7619047619,27.7777777778,28.125,29.702970297,30.4761904762,30.5555555556,28.9473684211,27.5862068966,27.1186440678,27.1186440678
Guatemala,27.7533039648,28.0327868852,27.9180562172,27.1970012495,27.1137026239,26.9917144678,26.1703327693,25.748502994,25.417687681,25.0552541692,25.3444525018,26.2538300274,27.4907222381,29.3003283657,30.8920081503,32.2206244864,33.3113207547,33.8063950942,33.8870158704,33.4502103787,32.6304023845
Guinea,28.5823754789,27.4330042313,26.4138817481,26.4808362369,26.3020833333,26.9535113749,27.3353422299,27.2178180445,27.2668602775,27.2125066243,27.4704491726,27.9114740009,28.4947267498,29.1206954196,29.7444183314,30.4540709812,31.3473018846,32.1678321678,32.7371168907,32.8824419329,32.562365769
Guinea-Bissau,30.7392996109,28.7769784173,27.6450511945,28.231292517,28.6195286195,29.2753623188,28.5714285714,28.2560706402,26.6272189349,27.7777777778,28.4161490683,28.0437756498,28.641370869,27.6688453159,28.22265625,29.2361720808,30.4451510334,31.3540912382,31.9177173192,32.1930360415,32.2580645161
Guyana,29.9516908213,26.582278481,24.4604316547,23.3644859813,22.3796033994,25.2747252747,27.7486910995,29.6296296296,31.4049586777,33.6956521739,34.8773841962,31.4432989691,29.2307692308,28.3505154639,30.2631578947,30.4582210243,30.1675977654,29.1907514451,26.1538461538,24.7524752475,24.9097472924
Haiti,28.6077558805,27.9488669378,27.7279915656,27.4239543726,26.6810344828,27.0355731225,27.0357142857,26.8765903308,27.27532097,26.9309989701,27.3812309853,29.4725511302,31.4399205561,33.1855955679,34.0175953079,33.3009236753,32.6186830015,31.9480898221,31.2246892892,30.6655887901,29.9098392787
Honduras,26.7379679144,26.558891455,26.5873015873,25.8664412511,24.6849518162,24.7594611931,25.4794520548,26.4719736222,27.3799837266,27.5196568978,27.9241645244,29.1242362525,30.8641975309,32.8806290207,33.9965019676,34.144856969,33.7773549001,32.9846708747,32.1545627048,31.2437645494,30.0096649485
"Hong Kong, China",41.8307086614,37.8420641126,31.6856780735,25.4933333333,26.8329177057,29.5111111111,34.7428571429,38.1966631168,37.7481177276,35.7073486565,32.3502018007,29.1096931024,27.8375149343,28.6491127647,28.3821093319,25.7104557641,23.5787267488,21.5985514744,20.895140665,21.8979954326,22.2446406053
Hungary,30,28.7460484721,29.2981727575,28.8716588451,28.9247955316,30.626223092,30.9367771781,30.4211557297,29.4554952783,28.9388416363,30.3417044051,31.5503552027,31.6856780735,30.4347826087,27.3568661214,25.7180156658,24.6584398413,23.9606616004,24.0816326531,24.1616903996,23.8039944264
Iceland,30.985915493,28.75,26.9662921348,25.7731958763,26.6666666667,27.9279279279,31.6239316239,32.7868852459,33.59375,31.3868613139,30.0699300699,28.8590604027,30.1775147929,29.347826087,27.8350515464,25.5,24.0196078431,23.3009708738,22.966507177,23.3333333333,22.8571428571
India,31.0971410225,30.1320965241,29.0732430071,27.9177667639,27.1934905435,28.1917025832,29.1317746459,30.1235652726,30.8961979885,30.7939799236,31.1043435143,31.6494552863,32.3629904927,33.1311747433,33.3553197387,33.2443092379,32.7434000502,31.8913240151,30.9061636556,29.6954733524,28.3835106364
Indonesia,29.694277502,29.9563486353,30.0325690745,29.1224352182,27.4816993911,27.1615640827,27.9194795296,29.5208484387,31.7995162288,33.454977687,34.2420258096,34.4065598919,33.8448415502,32.8803678463,31.8398106135,30.8911902874,29.9922996046,28.9678263825,27.7626019036,26.4921377445,25.5787670752
Iran,27.3235499651,26.4899979377,25.5592790508,24.9921085859,25.4695155144,23.0471271788,24.406004573,26.6430554997,26.9817907996,28.5542663842,32.460056391,36.4042264067,39.9266151225,39.9250397141,36.1113077958,31.3254381379,27.6762459718,26.4607769289,27.1560445119,26.6251168588,25.2360000826
Iraq,29.698457223,26.3031033444,24.8144220573,24.2223238792,23.1939895974,25.342689295,25.6087321579,26.217870257,27.5290761466,28.176900446,29.6227780906,30.3605180259,30.2533157332,31.2114876761,32.4460784314,33.228936921,33.3400540344,32.9040422839,32.0129036734,31.3955764337,30.8608001979
Ireland,26.8874172185,24.0677966102,21.9803370787,22.1453287197,23.2996632997,24.9842668345,27.3419203747,28.9014084507,28.3029612756,29.2573981016,30.9687665431,33.1739961759,32.4336090553,29.5630869743,26.6279069767,25.2135165243,25.4389107847,26.1517145826,26.2558606832,25.4793630159,24.2366412214
Israel,32.7666151468,28.0721533258,27.052238806,24.3055555556,26.4383561644,28.2492581602,29.7182349814,30.2393746947,29.7910182303,29.0675726689,29.637029637,29.8129149065,29.662423907,28.8283658787,28.492159228,28.7018024184,29.0357529794,29.0175801448,28.3330021856,27.3617511521,26.4859813084
Italy,30.0682261209,29.4786324786,30.4036322739,28.8008008008,28.2110622541,27.5967603479,27.7311540294,29.7355072464,30.8722888076,31.888824635,31.2029258401,29.4233404786,26.7674005196,24.1567141455,22.3717210059,21.8792586536,22.0541319337,21.9499550702,21.6663761548,21.0975222923,20.5125455715
Jamaica,30.0586510264,28.4953395473,24.3933588761,22.711058264,20.3073545554,19.5320447609,25.2371916509,27.855887522,30.198446937,31.3580246914,30.4897314376,28.9877300613,28.3895131086,29.4721407625,31.1688311688,31.4510364546,30.9116809117,29.5470884256,28.6234522942,28.3693224125,27.6758409786
Japan,27.863525589,29.7501771388,32.007079182,34.2092689919,35.5866401342,34.3256135751,32.2976501305,30.5091875883,28.0886976667,28.5317027954,28.7841871722,28.2753408799,26.7675787567,24.0574065589,22.4518067262,21.5018584814,21.004945249,20.5732972815,19.8919943155,19.208583522,18.848178262
Jordan,21.9512195122,23.9884393064,26.5086206897,27.4956217163,28.4513805522,27.5479313824,22.6366001735,24.1159830269,25.974025974,32.6965792981,33.1210191083,33.9972047519,35.3224834237,34.3354874965,33.506899245,32.4684772066,32.3294547114,32.0779220779,31.3108303997,30.2891326022,28.8174956454
Kazakhstan,26.7570900123,27.3411154345,32.6547569589,31.2238493724,29.1574279379,30.5209097579,30.4202616198,33.5304165024,33.5998001499,32.6273388773,32.1717312517,32.8236914601,34.6810781959,34.7128815313,32.7868852459,30.9742191373,30.146878825,30.2997341068,31.4214166468,31.1925524393,29.0685413005
Kenya,28.8091353997,27.7651083238,25.9842519685,23.7573715249,22.9549099982,23.1273268801,23.9288801087,25.0459840589,25.9681288554,27.5124160093,28.7383475929,30.1962757927,31.1600587372,31.0524278526,30.7674605914,30.9522984723,31.8292259632,32.9265118431,33.487328758,33.3134372902,32.5742181113
"Korea, Dem. Rep.",25.4435212216,30.0920727599,34.493486292,37.1292192295,36.3225430155,31.8543216209,31.6611058151,30.8659523289,33.3535967579,36.6084834835,34.1170184344,33.6409902527,31.2911392405,30.4023845007,31.4222981215,30.1219316541,28.6614550096,26.76,25.9743403534,26.2173202614,26.5113193465
"Korea, Rep.",26.4450716003,25.6487971207,27.9166003502,27.5760549558,28.0439058435,29.2633992548,32.0430795479,35.0910976152,37.51393534,38.4037558685,36.1705808572,33.9331946861,31.1097230897,29.4388489209,28.4154569618,25.6860817564,24.0224849136,21.7252261729,20.0579384296,19.9534091927,20.0952914798
Kuwait,42.3913043478,43.4426229508,49.1329479769,45.6747404844,38.2978723404,34.2440801457,38.1495564005,40.5737704918,40.755957272,49.3731918997,47.197640118,48.9557739558,44.7513812155,38.8832997988,33.8904363974,30.8988764045,29.6868645791,29.0782876976,28.5242290749,27.9604100389,27.2414977671
Kyrgyzstan,27.1084337349,29.2873051225,31.7475728155,28.6530612245,24.7706422018,25.1098556183,27.2054638589,30.7534597642,31.1307584923,31.1918475853,31.3267813268,32.1040372671,33.8809784593,34.6312887664,34.3636961526,32.8571428571,31.7730936144,31.1077389985,30.6726457399,30.2098728939,28.3480825959
Laos,30.4506699147,29.0948275862,28.1609195402,27.2959183673,26.8825301205,27.6821192053,25.5279503106,26.5496434449,27.9600570613,28.3930058285,28.2858200666,28.9177193581,30.9271935283,32.9826556724,34.6896191967,34.1610414658,33.1906264083,32.0373911196,31.0240355484,31.0870824483,30.633475757
Latvia,26.6903914591,28.5390713477,31.3978494624,34.27734375,33.1481481481,32.4468085106,31.4878892734,31.1818943839,31.2853678254,30.4612706701,30.1834862385,30.9297912713,33.0106485963,32.0866141732,29.2707292707,26.0204081633,22.9166666667,22.8144989339,24.4808743169,25.5011135857,24.8587570621
Lebanon,28.1980742779,27.9012345679,27.5499474238,25.9528130672,25.4471544715,26.4150943396,26.2662807525,28.6116983791,30.8223911541,32.3050058207,30.6442880347,32.6663331666,33.5573691791,33.9030023095,33.6898395722,31.6767502161,29.6171644931,27.7800744109,26.2770739681,26.065773447,25.961927906
Lesotho,28.0346820809,25.4054054054,23.4256926952,22.2737819026,22.4789915966,22.1172022684,21.9430485762,22.2713864307,21.9676549865,22.4287484511,24.4620611552,27.3796791444,31.269035533,34.0733590734,35.2177942539,34.9192100539,34.3804537522,33.9897260274,33.5576114382,33.2780082988,32.70336894
Liberia,28.7469287469,28.4768211921,27.7777777778,26.8092105263,26.0623229462,25.8064516129,26.6171792153,27.4223034735,28.0636108513,27.8125,27.7022190408,27.784503632,28.298185385,29.4446835988,30.2902979374,31.1879493324,32.0024760136,32.6732673267,32.96875,32.8979196904,32.5028312571
Libya,25.8003766478,25.9581881533,26.7341040462,27.8571428571,28.4351145038,28.9977046672,28.4667073916,28.054740958,29.2916123425,31.8863456985,34.0272792534,36.8283946597,36.3394441159,34.0124966042,31.8043588444,29.8342541436,30.2352398524,31.2152854921,31.0662947865,29.4887780549,27.1695052717
Lithuania,25.775862069,28.4166666667,31.2695924765,31.9624819625,30.6856754922,29.9420476497,30.3671437461,31.3361294188,32.3613493425,32.514619883,30.8348567946,30.4456999372,31.3197636244,31.5254237288,30.4378040306,27.6278409091,24.5447924253,22.7952167414,22.9760986893,24.1653418124,24.4081632653
Luxembourg,29.9319727891,30.2631578947,29.6774193548,29.4478527607,28.7425149701,30.7262569832,32.2033898305,32.9608938547,33.6898395722,33,31.6037735849,29.1304347826,27.4590163934,28.0155642023,27.4725274725,27.5862068966,27.0358306189,26.3157894737,25.2941176471,25.3561253561,25.6830601093
"Macao, China",39,31.1827956989,23.5294117647,21.9047619048,21.3740458015,31.7829457364,40.9448818898,43.7086092715,39.5604395604,34.1708542714,27.9620853081,29.7413793103,33.3333333333,30.8550185874,28.2142857143,24.7349823322,21.0526315789,19.3661971831,19.4346289753,20.5035971223,20.7407407407
"Macedonia, FYR",27.1103896104,28.2576866764,29.8295454545,29.2942743009,30.2267002519,31.1764705882,32.2332233223,32.7173913043,32.6359832636,31.1926605505,31.0515873016,31.4285714286,31.568627451,31.4397649363,30.0294406281,27.881773399,25.671641791,23.8866396761,23.16442606,22.9957805907,22.9437229437
Madagascar,31,29.618516931,27.9462571977,25.7844474761,24.3373493976,24.4984160507,25.2135765412,26.706050112,27.6980329612,27.9829111993,28.2074852265,27.8062678063,28.3477914049,29.273222603,30.4089451873,31.7198257693,32.4071123574,32.6386456509,32.526026215,32.3013519626,31.9020431274
Malawi,27.0893371758,27.7084701248,27.358490566,27.4058577406,27.4022988506,26.4254817145,25.6231306082,25.1342945999,26.9967707212,26.3367916999,26.7497439399,26.5918156301,27.2202998847,28.9614441721,30.2679006332,31.5585756064,32.7260147601,33.3912318488,33.7601419878,33.9706225227,33.882378355
Malaysia,27.9084551812,26.5134529148,26.0207779657,25.0829875519,25.8400292184,28.1452658885,29.3591224018,30.5840618269,32.2008058369,31.9793558253,32.0013516938,31.8234165067,32.0934500282,32.3635647206,32.3148148148,31.8347010551,31.187450804,30.3145336226,29.4563045536,28.3041115554,27.0757941295
Maldives,30.2325581395,29.7872340426,26.9230769231,25.8620689655,25,27.027027027,27.1604938272,26.5957446809,24.5454545455,26.7716535433,29.4964028777,34.2281879195,38.6075949367,40.5882352941,39.4444444444,35.2631578947,30.6930693069,27.5362318841,26.8518518519,27.149321267,26.7857142857
Mali,30.4347826087,30.2374893978,29.4871794872,28.8468404141,27.8451951459,27.0262127147,26.5777036419,26.0847371108,26.1810565511,26.6878306878,26.8949595998,28.1849315068,28.9969604863,29.571197411,30.0782661048,30.5916775033,31.553063834,32.5545871147,33.3250784217,33.5699023199,33.15089914
Malta,27.2727272727,23.0263157895,23.8410596026,22.2222222222,27.5862068966,31.2925170068,32.7044025157,34.3195266272,31.0734463277,29.5698924731,28.6458333333,29.5,30.6930693069,30,28.1690140845,25.8215962441,23.3644859813,22.4299065421,21.327014218,21.1538461538,21.8446601942
Martinique,28.5714285714,26.0504201681,25.1798561151,22.1476510067,23.75,21.875,27.3885350318,30.487804878,32.183908046,32.5842696629,30,25.5434782609,25.2631578947,24.7422680412,26.6666666667,27.1794871795,26.0204081633,23.8578680203,22.6804123711,21.9895287958,21.5053763441
Mauritania,29.1536050157,28.6103542234,27.5700934579,26.5060240964,25.9581881533,25.3393665158,26.1780104712,27.0762229807,27.755511022,28.7467134093,29.9314546839,31.0390469887,31.652989449,31.6789862724,31.8072289157,32.2380106572,32.7976926246,33.2435552135,33.0318379161,32.475994513,31.7616240995
Mauritius,27.1255060729,26.7605633803,26.443768997,26.2599469496,27.427184466,29.3181818182,32.0083682008,34.3873517787,36.2428842505,36.524822695,35.9060402685,34.1935483871,32.0373250389,30.9090909091,30.1775147929,29.5487627365,28.6956521739,27.0503597122,26.4748201439,26.3005780347,26.1939218524
Mayotte,12.5,27.2727272727,30.7692307692,23.5294117647,26.3157894737,25,24.1379310345,25,26.0869565217,29.0322580645,29.3333333333,29.8850574713,31,33.9285714286,36,35.5072463768,34.8993288591,33.3333333333,31.7647058824,30.7692307692,30.6878306878
Mexico,26.9715859669,26.2207274539,25.6300296485,25.1139697585,24.705609822,25.2305140962,26.495776289,27.6411960133,29.3560010641,31.3177372456,32.7712847983,33.1396467465,32.5487460067,31.4313363244,30.5695256219,29.9001238135,29.0826368946,27.6110749289,25.9554868527,24.5844393882,23.5622646327
"Micronesia, Fed. Sts.",25,26.3157894737,27.2727272727,25.9259259259,25,21.875,26.3157894737,26.6666666667,30,25.4545454545,26.4150943396,29.0909090909,29.6296296296,34.4827586207,34.4262295082,36.0655737705,35.3846153846,33.8461538462,32.3076923077,30.303030303,29.8507462687
Moldova,31.473010064,30.8631921824,31.9088319088,29.6153846154,27.3646638905,28.8088642659,30.5540897098,32.5337331334,31.7307692308,30.4096385542,29.1475242471,29.3393057111,32.1344339623,33.7599024985,32.3144104803,28.8547664747,25.4654255319,24.0880935994,25.1072961373,26.2186115214,25.1152073733
Mongolia,28.3018867925,28.2296650718,28.05907173,27.8597785978,27.84,27.8393351801,28.0575539568,28.4671532847,29.8372513562,32.5396825397,34.2616033755,35.9461599367,38.3982035928,38.1560283688,36.1429534727,32.9023917259,29.5554164058,28.1422440221,27.9589371981,28.290649196,27.5088547816
Montenegro,24.0837696335,26.6990291262,30.0884955752,29.674796748,29.1338582677,30.3703703704,30.985915493,33.2167832168,31.3793103448,31.6293929712,31.5476190476,29.2207792208,30.1639344262,29.6774193548,29.2604501608,28.2958199357,26.6025641026,25.8785942492,25.0803858521,24.6753246753,24.7557003257
Morocco,27.5384958715,27.5508190251,27.507311199,25.6795314612,22.0151199166,22.1875361313,26.6578113824,28.4214304945,29.7365017782,30.5814734642,30.6235533422,31.9717465183,33.1592853548,33.4957513815,32.8199052133,31.0015125324,29.7015236903,29.047498095,28.8337147975,28.5637386836,27.5992073082
Mozambique,28.8888888889,28.6259541985,28.2806641671,27.8502415459,27.4615884008,27.1659607239,27.3462510531,26.3352316454,23.2123552124,26.1206783226,26.7677919708,27.1238586741,27.9785927356,29.1774687721,30.5332670596,32.3333548846,33.6295769641,34.3543182191,34.5273226824,34.0642577939,33.5775280899
Myanmar,32.9649659064,31.3386666667,28.5385721131,26.1628406844,24.7166921899,25.6663509674,27.4770973963,29.2182181641,31.0984378874,32.6234582159,34.1956521739,34.8277608916,34.7230107876,33.7232194557,32.2989397466,30.7692307692,29.7675062275,29.1507552972,28.773397053,28.0189914866,27.0550393138
Namibia,29.4605809129,28.9473684211,28.2828282828,27.5964391691,27.1540469974,26.6816143498,24.3407707911,23.9713774597,27.6410998553,29.0404040404,30.269058296,31.2436804853,32.8754578755,34.4221105528,34.7959969207,34.4975053457,34.0439706862,33.2493702771,32.9927884615,32.7972429638,32.2062084257
Nepal,30.4997664643,30.3851947493,30.0218124132,29.639688575,28.5597381342,28.1505250875,27.7648277648,27.3577282697,27.5507052404,27.4187592319,28.157808399,29.5012929442,31.3840550384,33.294044665,34.5706593344,34.7011549311,33.7456359102,32.3978869918,31.1249943818,30.2810829453,29.8271913387
Netherlands,29.2658730159,27.9551820728,27.1343596921,27.034077939,29.287031346,30.9138995004,32.8064929517,34.4356076462,34.1044372294,33.0671553868,30.5982471739,27.6118478126,25.3662671026,24.5745567059,24.8152059134,25.1680964526,24.8763657274,24.292425805,23.9536750373,23.7684162063,24.0235729143
Netherlands Antilles,31.4814814815,28.3333333333,25.7575757576,24.6575342466,27.8481012658,30.487804878,31.3253012048,31.8181818182,34.4086021505,31.8681318681,28.5714285714,25.8426966292,25.5319148936,23.1578947368,23.4693877551,19.387755102,19.7916666667,19.7916666667,21.0526315789,20.652173913,20.6896551724
New Caledonia,29.4117647059,30.5555555556,29.2682926829,28.2608695652,30.1886792453,29.8507462687,30.1369863014,30.3797468354,31.3953488372,32,31.8181818182,31.0344827586,30.7086614173,30.1470588235,30.7692307692,29.6052631579,29.1139240506,27.7777777778,26.7857142857,25.4335260116,25.2808988764
New Zealand,29.0625,27.6951672862,26.1744966443,25.7207890744,26.0653409091,28.5435630689,29.9424184261,32.5138291334,32.1962896469,31.7207256734,29.1798107256,27.5147928994,27.0117647059,27.4527452745,27.5832252486,27.0033388982,26.3264479546,25.5344418052,25.2909231963,25.066768409,24.6621621622
Nicaragua,27.950310559,27.2363150868,26.3276836158,25.7032007759,24.6666666667,25.2857142857,26.2737875998,26.4150943396,27.2065955383,27.8328306764,28.8582677165,30.5134835611,31.759805623,33.3333333333,33.7780473014,32.8834003446,32.0790991486,30.8917197452,29.873483088,29.1867240942,28.1587540819
Niger,27.5951557093,27.6169265033,26.96485623,27.0946681175,26.4474293654,25.7923930269,25.550660793,22.7017440142,24.5128205128,23.3138147907,24.3920145191,23.119182054,23.1503579952,23.3836543467,23.8413469884,24.7493825367,26.3768469899,27.726356068,28.8996318801,30.1096863896,31.0613038584
Nigeria,28.4245052257,28.3609760986,28.1839039093,27.9560810811,27.4973108641,27.2937085046,27.3247960231,26.526460221,26.3758292174,26.6853268871,27.5454866348,28.5205673759,29.389375512,30.1543094567,30.8865919947,31.8215367146,32.924349716,33.6800679317,33.8093488842,33.3244237035,32.4763305072
Norway,31.2306740878,28.504398827,25.2242152466,24.2587601078,25.7128045619,27.7023629965,29.975308642,31.2591152163,31.4108674929,31.047265987,29.6529968454,27.6956521739,26.5314569536,26.125049781,26.204238921,26.0268857356,25.5628177197,24.6803977273,24.2149337055,24.1935483871,24.2055442867
Oman,28.1385281385,26.0869565217,24.4604316547,23.8095238095,25,28.9416846652,33.76,34.4242424242,34.5365853659,38.0952380952,40.1438848921,36.9448183042,38.3017715333,38.1512605042,36.801242236,33.3011583012,30.8776716689,30.1813471503,29.0335960182,28.2,27.2868820553
Pakistan,26.7691364512,26.6576676075,26.7962774575,26.9401709402,26.3963854691,25.9967129679,25.8715173843,26.4774630878,27.1085338296,27.3724410498,28.3585601129,29.6005989845,31.29888973,32.1581570411,32.4562006774,32.3627918734,31.8524217777,31.7626431428,31.5924133353,31.091887665,30.2545836739
Panama,28.3446712018,26.746506986,25.7839721254,25.5639097744,25.9114583333,26.7428571429,28.1973816717,29.981884058,31.6434995912,32.9385640266,33.0423102754,32.3926380368,31.5402038505,30.6519453207,30.3553800592,30.2423112768,29.7957371226,29.4117647059,28.795379538,28.0659429031,27.523659306
Papua New Guinea,30.1052631579,30.2395209581,29.8701298701,27.7067348679,28.8329519451,28.8828337875,27.4221961245,28.9763779528,30.0748362956,30.6164666942,30.3603931562,29.9485861183,29.8771779492,30.3333333333,31.6891577478,32.7945555083,33.6076817558,33.843073002,33.3901773533,32.9038492511,32.3326696278
Paraguay,26.1772853186,24.6359223301,23.7486687966,23.4200743494,24.1129032258,26.4017033357,27.9156327543,28.952991453,29.5158286778,28.8714991763,28.8248337029,29.8392498326,31.3286284136,32.7097505669,33.2893347413,32.911077993,32.2428806778,31.5339631129,30.7243243243,29.8723047938,28.9527302363
Peru,27.4193548387,27.380952381,27.3345330934,26.9297334718,26.8380694632,27.2346551498,27.9523045173,29.3326541009,30.4483074108,31.4112165086,32.3599294857,32.5668027796,32.7019347856,32.7934963513,32.4580598104,32.1091351445,31.3646980314,30.2758212807,29.1540152864,28.0925982959,27.080273487
Philippines,26.2189604906,25.6876778477,25.7210297263,26.1900258496,26.9318552331,27.8525232498,28.7687613393,29.7769610493,30.4376826324,30.4462463144,30.7619631275,31.2295443467,31.8380419106,32.4483027702,32.5071013732,32.1651577968,31.6821416037,31.0128405318,30.4285340998,29.887470608,29.1365440017
Poland,30.3660495393,29.9550407681,30.4344793919,28.5433457834,29.2170953101,31.2224303583,33.0486960535,33.8606548341,31.7844066336,30.1213798978,29.5755754682,31.4022739578,32.8480287911,32.238543214,29.5714444321,25.895021706,23.6135957066,22.5724121557,22.5790664954,22.7244034844,22.1236629272
Portugal,30.7863501484,31.2409464027,29.6628153737,28.1818181818,26.0280599903,26.2572421784,27.288207748,29.4847920546,29.702764498,30.8042174902,31.3816855754,30.9169278997,29.4072363356,26.985645933,24.6260069045,23.34682861,22.8871187099,22.5774813652,22.0941784224,21.3247172859,20.8847736626
Puerto Rico,26.9713261649,24.688057041,22.1936589546,24.9408050513,25.1501501502,28.7404314544,28.1853281853,28.8484848485,29.2568753657,29.0033594625,28.9831430125,29.0356952584,28.8622129436,28.7544848795,28.2388663968,26.8671679198,25.9093173891,25.037332006,24.3512974052,24.3853487205,24.1292276628
Qatar,36.3636363636,36.8421052632,40,46.511627907,45.7142857143,46.9026548673,48.6301369863,55.3719008264,49.6794871795,48.9913544669,42.9280397022,55.2469135802,58.6994727592,51.5327257664,50.466562986,44.4771723122,39.2156862745,36.686787391,35.6958762887,34.9315068493,34.303030303
Reunion,30.2521008403,28.5714285714,25.6097560976,24.8677248677,24.2152466368,25.4237288136,27.8225806452,32.2222222222,33.8983050847,34.2592592593,33.5227272727,30.890052356,29.4117647059,29.4663573086,29.7356828194,29.7872340426,29.0388548057,28.8844621514,28.6549707602,28.0230326296,27.3764258555
Romania,30.6470064828,30.8362779741,33.2145640797,32.0274766556,29.91152222,29.4876696616,28.9483293774,28.8007133304,30.1746724891,30.1006651088,31.4193250116,33.1752205673,33.0387491502,30.9431716751,27.8914320438,26.0113812726,23.4944868533,23.2915531335,23.1002357167,22.7314814815,22.111816114
Russia,31.53273742,31.8540211759,35.5331563003,34.1005535861,31.9684004851,32.9536195039,32.9592236049,35.3893276478,33.5949900436,32.1560964396,31.1604563625,32.2113791753,34.4775451642,33.2861301235,30.5508726298,27.3903891063,24.7160243408,25.2656618975,26.6978381454,26.8767814673,25.9561221465
Rwanda,27.1281571562,27.1836734694,26.9473684211,26.5486725664,26.1662198391,25.7457549335,25.4012841091,26.7390566678,26.9208549971,25.7866462011,25.6470588235,28.4727021424,31.5271924543,31.774391312,31.409062694,30.6305046833,30.4989816701,32.1016435482,33.1832314785,33.2174776564,32.5317983474
Saint Lucia,32.5,30.9523809524,21.4285714286,19.1489361702,17.6470588235,20.7547169811,24.5614035088,25.8064516129,29.4117647059,29.5774647887,31.1688311688,33.3333333333,32.9411764706,34.0909090909,33.3333333333,31.914893617,29.5918367347,28,26.4150943396,26.9230769231,26.9230769231
Saint Vincent and the Grenadines,19.3548387097,18.1818181818,21.6216216216,17.9487179487,19.0476190476,20,24.4897959184,26.9230769231,29.6296296296,33.3333333333,33.3333333333,33.9622641509,32.1428571429,30.9090909091,32.7272727273,30.1886792453,29.0909090909,28.0701754386,27.1186440678,27.1186440678,26.6666666667
Samoa,26.1904761905,26.0869565217,27.2727272727,26.5625,27.397260274,30.2631578947,31.6455696203,33.3333333333,29.0697674419,31.0344827586,30,26.8817204301,27.9569892473,30.8510638298,34.0206185567,36.8421052632,35.6435643564,33.3333333333,30,28.7128712871,29.4117647059
Sao Tome and Principe,45.4545454545,45.4545454545,47.0588235294,36.3636363636,20,20,22.4489795918,21.1538461538,24.5614035088,25.8064516129,27.5362318841,29.8701298701,31.7073170732,33.3333333333,34.0206185567,34.9056603774,34.7826086957,33.3333333333,32.3308270677,32.1428571429,30.2013422819
Saudi Arabia,27.4461538462,27.3874862788,27.2286821705,27.5184275184,27.986463621,29.5353111053,33.1405436669,37.8496134926,38.026140895,36.6009223825,38.4268102101,38.2769985437,36.1039503936,34.7914806785,33.4843492586,33.1871024347,32.6033057851,31.9606396064,31.5809397625,31.0248546711,30.3947309866
Senegal,28.4768211921,29.4464944649,29.6272493573,29.3429844098,28.6389413989,27.0313757039,25.3155680224,24.4356314826,24.8677248677,25.9190751445,27.2930194805,28.6734511694,29.624980386,30.5381727159,31.3522287427,32.1926345609,33.3506116525,33.9563268809,34.0019439781,33.5562159485,32.6122480741
Serbia,29.0608748853,31.388101983,33.655135425,31.8368394048,30.9977717257,30.8256446652,30.4171364149,30.9347826087,30.3515049463,28.9385254003,29.0463866215,29.6737122922,30.1701168272,29.6014790468,28.1649484536,26.8409043767,25.5279113527,24.8313659359,24.6910950149,24.2345838724,23.9624290083
Sierra Leone,29.7268907563,30.0980392157,30.3085299456,30.4274937133,30.2003081664,28.7517531557,27.4905422446,26.557191393,26.3476070529,27.446918695,28.6481210347,29.302700524,29.4200351494,29.1328758578,29.356007806,30.4642409034,31.7665758401,33.0781961109,33.731513083,33.6481287163,33.3279194413
Singapore,33.0188679245,30.6686046512,28.7703016241,26.3429752066,27.9661016949,31.8377911993,37.1753246753,41.0144927536,42.1226104153,38.2201939532,32.8726554788,28.5048905449,26.3266145619,26.7350157729,27.1576524741,26.0674157303,23.7007003317,20.3683241252,18.6731270965,18.9425637124,20.1478024115
Slovak Republic,29.0130796671,27.5283937263,28.7055335968,27.681498829,27.4070756829,29.9529311083,31.4671025746,32.7128712871,31.8677042802,31.0847067842,31.9556065825,33.1546707504,34.1082317073,32.9791271347,29.5454545455,26.239511823,23.9752513534,22.8830248129,22.9317269076,23.1622176591,22.731092437
Slovenia,27.3371104816,28.5129604366,31.3413014608,31.6730523627,32.1782178218,32.265717675,31.8233295583,32.6732673267,32.5830653805,31.7610062893,31.5408479835,30.7692307692,29.95951417,28.0719280719,25.0992063492,22.8401191658,21.8,21.9413549039,22.3697650664,22.8070175439,22.314911366
Solomon Islands,28,28.0701754386,27.4193548387,27.397260274,25.5813953488,24.0384615385,25,24.1134751773,25.3086419753,28.0423280423,29.6296296296,31.4285714286,32.1299638989,32.2580645161,32.7485380117,33.0666666667,33.2512315271,32.6530612245,32.1199143469,31.25,30.5019305019
Somalia,29.3855743544,28.08,27.2074659009,26.2284620294,25.7175014069,26.0570304818,26.2578616352,27.2987591473,27.9362158847,28.41191067,29.0322580645,27.9536119836,27.531236536,27.12596208,27.2055199606,28.4021958971,29.2975734355,30.2868199408,31.0175222871,31.6373124592,32.2448281758
South Africa,30.2230046948,29.2686100989,28.072192206,27.5560970657,27.646848777,28.4698898696,29.3043839026,30.1293787379,30.8436915631,32.0494578284,32.9736591558,34.0968641704,35.3089989158,35.4204215971,35.1054852321,34.7220140866,34.2681986711,34.1945508419,34.0225698164,33.528078748,32.9182496131
Spain,31.4606741573,31.658895012,30.8837461091,29.1741703113,27.5560946028,26.7507163324,27.557728878,29.2710101868,30.9014454665,32.6870236923,33.6359026369,33.6370073165,31.1641844447,27.6577576637,23.8524522372,21.8172943952,21.6253166593,22.1324202731,22.6698168931,22.4735341224,21.8271739554
Sri Lanka,27.4344152957,28.2110091743,27.8875379939,27.7749096541,28.5249457701,29.4392523364,30.7472012497,31.4167377269,32.229226361,32.7145664992,32.5136319897,30.8170239205,30.0706960072,29.9913236287,28.6900717252,27.2574470072,26.9166356531,27.4225076794,28.0329248901,26.9339622642,25.4568066584
Sudan,27.4056295003,27.4844720497,27.4661176874,27.4738596757,27.4940143655,27.281032317,27.1719038817,27.1703114645,27.441040335,28.0030949771,28.6202380274,29.530752644,30.5333333333,31.6292999459,32.6376503624,33.0987641354,33.165174939,32.7601451264,32.0725388601,31.4876146161,30.9323477759
Suriname,27.1028037383,26.1904761905,24.1379310345,23.1707317073,21.3903743316,22.5274725275,27.1739130435,30.890052356,34.2995169082,35.2941176471,34.188034188,32.5301204819,31.679389313,30.6569343066,31.338028169,31.1418685121,30,29.702970297,28.990228013,27.5080906149,27.3615635179
Swaziland,28.5714285714,27.7027027027,26.6272189349,24.5989304813,23.3333333333,22.2672064777,21.6783216783,21.3213213213,22.7941176471,23.3261339093,25.0481695568,27.7372262774,31.6865417376,35.5905511811,37.3722627737,36.9863013699,35.6770833333,34.625,34.5367027677,34.7319347319,34.4671201814
Sweden,29.9169768108,27.5843007186,25.6836461126,26.1849261849,28.1623505976,29.0971540726,30.0315610585,29.4616876819,28.8011350201,28.3978913592,27.6318794245,26.675573369,26.1811876896,26.2701100762,25.4703328509,25.0050617534,24.4369144907,23.6557021863,24.3916682889,24.8413766583,24.6250237327
Switzerland,29.5313881521,29.0736145575,28.8372093023,29.6880476691,30.9373964889,30.829015544,31.0793237971,31.9378369807,32.3870573871,31.8393480792,29.6095753776,27.9747183292,26.2944983819,26.008492569,26.0653594771,25.5215039918,24.8474059003,24.0927419355,23.8679009257,24.2047713718,24.5380635625
Syria,27.8474114441,26.9849001461,26.5565438374,25.5280407866,24.8760842627,24.9934434828,24.6899911426,25.1331007894,26.0523854069,27.9549463971,30.3925099028,33.6372112297,35.803555712,34.5510138397,33.0339913908,31.9735846461,31.9010500548,32.3522257358,32.1891641584,31.0074937552,29.1098464512
Tajikistan,26.8556005398,28.9351851852,30.7389162562,27.863525589,23.3586731168,23.5294117647,24.3602865916,27.7851166887,28.6745157615,29.1652234153,29.0333010023,28.125964804,30.7273768614,33.2898172324,34.9423631124,34.9060822898,33.5584634867,32.8698105603,32.6930539387,32.5117591722,31.5857011916
Tanzania,27.4993299384,27.4046337468,27.2192946899,26.971388695,26.8650022425,26.5980429534,26.5226359787,26.6413204748,26.8470756289,27.2898706897,27.8155081793,28.2968307137,28.5955931449,28.5226138371,28.5752589067,29.2383292383,30.4498178554,31.8716018899,32.887568103,33.2834144515,33.1332423829
Thailand,28.290937228,28.2555899841,28.2480173035,27.2130741612,26.3764541897,27.0275376695,28.5328038528,31.8052676035,34.4506253765,35.5206128414,33.4268746329,33.3251186002,32.0607724912,30.969094987,29.7401484866,28.5340535066,27.6566112365,26.9604989605,26.7013821566,26.4789983621,26.1411482587
Timor-Leste,30.9090909091,30.2127659574,29.9212598425,29.537366548,28.5714285714,28.5294117647,30.7432432432,31.3432835821,31.0526315789,31.4220183486,22.4096385542,25.1485148515,27.1812080537,28.4495021337,29.9757281553,29.3684210526,29.6947271045,30.6930693069,31.8452380952,33.1989247312,33.4969325153
Togo,27.8287461774,27.3624823695,27.2373540856,27.0238095238,26.7175572519,26.368159204,25.9097525473,25.8787878788,26.2886597938,27.2021907805,28.4778420039,29.8920377868,31.0899344848,31.8832891247,32.338902148,32.6388888889,32.7562189055,32.8058877645,32.578486876,32.0554123711,31.4368517389
Tonga,25,27.5862068966,27.7777777778,27.9069767442,27.4509803922,23.9130434783,22.4489795918,26.0869565217,26.5306122449,28,28.5714285714,30,28.3018867925,27.7777777778,29.0909090909,31.5789473684,35,35,33.3333333333,31.746031746,28.125
Trinidad and Tobago,28.7066246057,26.3888888889,25.1798561151,25.3897550111,24.2677824268,27.744510978,31.0536044362,33.4470989761,32.8308207705,33.3333333333,34.0729001585,35.524256651,36.9230769231,35.8547655068,32.9835082459,28.6567164179,25.4518072289,25.0764525994,25.5451713396,25.677830941,25.2873563218
Tunisia,29.1477272727,27.9227557411,26.5133740028,24.0067624683,21.3863725876,23.0688935282,24.9235474006,27.9170035031,30.0337186898,30.44345898,31.9849088241,34.3253569274,36.3060989643,36.2422246615,33.7776218871,30.5259597497,27.6395980893,26.1727596247,26.018207954,26.16334283,25.69717977
Turkey,27.1472535671,27.5906735751,28.4597669063,27.6947574718,26.4593977606,26.3613038107,27.4387890742,29.0607521697,30.8319796596,32.6885065293,34.0902300568,34.9642338214,34.506523569,33.5519098434,32.3740835952,30.731550998,29.8590175563,28.7698755617,27.6765279308,26.9492871776,26.1660931216
Turkmenistan,26.3069139966,27.4509803922,29.7435897436,27.3706896552,24.791086351,25.0806451613,26.723525231,30.0188797986,31.2119535141,31.5764023211,32.1332133213,32.8870292887,34.9019607843,36.1890694239,35.2694191742,34.2061094327,32.4333116461,30.9350237718,30.7071960298,29.7379646557,28.3474065139
Uganda,28.732503888,28.7321063395,27.1432809255,26.3369319608,25.6552311954,25.3414544112,25.7782719187,25.8927359131,25.8755525332,25.5729216608,25.9459903144,26.7976588629,27.3919206237,27.9286969621,28.5228544375,29.2824074074,30.3927036515,31.5387084537,32.6253052223,33.3866845035,33.6659779312
Ukraine,30.6529209622,30.2380001141,34.7904033746,33.7298466378,30.8367985796,31.2081592308,29.9409577958,31.4689796616,30.7008718981,30.3699636794,30.1935141822,31.4772098173,33.4017763346,32.9009433962,30.3134305759,26.6323559992,24.0101004674,23.8050244553,25.1318807339,26.0589970501,25.552184466
United Arab Emirates,27.7777777778,25,27.2727272727,40,44.3661971831,55.2845528455,58.6894586895,52.2404371585,48.1967213115,50.1867995019,51.9872087711,56.7062207839,56.5451664025,49.1741524196,43.3448919712,41.416893733,41.4504170528,39.9216369177,38.5817060637,37.5487900078,36.7381174278
United Kingdom,30.2962480671,28.0918870824,27.4464801551,26.6090188493,26.7713037684,27.5286032825,28.8691019231,30.598806752,30.6470165349,30.2910006026,29.0265239971,27.7883310719,27.1069865403,27.400498307,27.5222505757,26.9464350783,26.3469314938,25.8662463146,25.9253945481,26.1877891886,25.9981687523
United States,30.8355849856,28.1459682166,26.0340078513,25.1408006832,26.3228555585,29.7441949062,33.1777113791,34.9353049908,34.0869273046,32.1363235992,30.0033196545,28.5053402257,28.0017092491,28.0706018167,27.8732689398,27.4788027549,27.1316440855,26.6756110058,26.4603303994,26.1443688663,25.6210479331
Uruguay,30.7149161518,30.6789606035,30.6058221873,29.6351451973,28.458781362,26.909350464,26.993006993,27.7739959156,28.0318091451,28.9641943734,29.7885572139,29.0965732087,29.2997542998,29.3904646952,29.1715976331,29.1521486643,28.5550458716,27.6136363636,26.6629086809,25.9425998875,25.2536640361
Uzbekistan,25.0899574746,27.103606182,29.6520057999,27.3787970227,23.6151603499,24.2971595047,25.9816420194,29.7246069796,30.5226824458,30.9262028323,31.2545676005,32.1717866422,34.742327736,36.504031707,36.2955308706,34.4425956739,31.7335712162,29.6571329118,29.0719535122,28.9340671684,28.335373317
Vanuatu,26.9230769231,28.5714285714,28.125,26.3157894737,29.1666666667,28.3018867925,25,26.3888888889,27.2727272727,28.7356321839,27.8350515464,28.1818181818,29.6,31.654676259,32.2784810127,33.1395348837,32.6203208556,32.1782178218,32.4074074074,31.4655172414,30.612244898
Venezuela,28.5658914729,28.0480101074,27.2586073,26.038961039,25.8058574323,27.8070719603,29.8874640147,31.4014631916,31.7903403956,31.5756378009,31.8925518926,31.8567599762,32.1325648415,32.2788443141,31.7939821738,31.1969199411,30.4347826087,29.8701973001,29.3407753809,28.6975284425,27.9099956729
Vietnam,31.5503306392,30.2339572193,27.7025010446,24.7034010018,22.8173766343,23.4857070898,24.1294013064,27.5050529273,29.8468353246,30.6132792701,33.3921573716,33.0173164361,33.0947511929,33.7843661122,33.1532012822,32.2344177981,29.996570514,27.2720517203,26.1036258079,25.5461395298,25.0512755928
Virgin Islands (U.S.),33.3333333333,28.5714285714,23.5294117647,30.4347826087,36.6666666667,27.5,27.0833333333,28,26.9230769231,28.3018867925,25.4901960784,22,22.641509434,23.5294117647,28,26.6666666667,26.0869565217,27.9069767442,25.641025641,24.3243243243,23.5294117647
West Bank and Gaza,22.030651341,24.3992606285,26.4448336252,27.5806451613,28.0639431616,27.5,23.7908496732,26.0109289617,27.0417422868,28.2051282051,27.8401997503,27.2347098798,27.9411764706,28.6651234568,30.3347987825,31.8549595445,32.5643776824,33.0092367526,32.665776591,32.1876929409,31.6577129701
Western Sahara,33.3333333333,40,35.2941176471,38.4615384615,35.7142857143,26.8292682927,35.4430379747,35.7142857143,35.3448275862,34.328358209,36.1445783133,37.6068376068,37.3665480427,36.0606060606,34.036939314,30.4239401496,28.3687943262,27.3755656109,27.6548672566,28.6021505376,28.4810126582
"Yemen, Rep.",27.5355667737,26.8506900878,26.1760242792,25.5901471091,24.5465916198,23.628092124,24.7368421053,25.4863430929,25.8417915257,24.7935983742,25.5427702996,27.4367891719,29.5873430109,31.3879003559,32.3354418488,32.4845032669,32.7280980481,32.9511442649,33.2244239827,33.3517568101,32.8855075153
Zambia,27.4442538593,27.3692191054,27.2306675479,27.133105802,26.8838113758,26.3136288998,25.818815331,26.267417729,26.8056968464,27.3851590106,27.7671022291,27.8652069791,28.4872298625,28.9090666311,29.7992916175,31.0071790541,32.2752835764,33.4490539837,34.0925380266,34.2728878422,33.977389517
Zimbabwe,28.3941605839,27.5171982489,26.2426509888,25.6130790191,24.08477842,24.4148244473,24.4683789009,26.0109041345,27.8023457027,27.9093895902,28.5643970468,30.2133289234,33.6220987251,38.2910469525,39.3047780237,37.4068733478,35.1299865531,33.3403471857,32.8235177277,32.5835294118,31.8161414849
